country,year,suicides_no,suicides/100k pop
Albania,1987,933.0730702238839,2.654166666666667
Albania,1988,636.3820468159225,2.705
Albania,1989,928.0730702238839,2.783333333333333
Albania,1992,1193.764093631845,1.5
Albania,1993,359.69102340796127,2.7133333333333334
Albania,1994,336.69102340796127,2.6816666666666666
Albania,1995,88.0,3.3791666666666664
Albania,1996,89.0,3.635
Albania,1997,456.69102340796127,6.452500000000001
Albania,1998,440.69102340796127,5.543333333333333
Albania,1999,425.69102340796127,5.8175
Albania,2000,627.3820468159225,2.558333333333333
Albania,2001,119.0,4.218333333333334
Albania,2002,133.0,5.2091666666666665
Albania,2003,410.69102340796127,4.883333333333334
Albania,2004,146.0,5.449166666666667
Albania,2005,3440.2922808955354,0.0
Albania,2006,3440.2922808955354,0.0
Albania,2007,410.69102340796127,5.4875
Albania,2008,160.0,5.920833333333333
Albania,2009,3440.2922808955354,0.0
Albania,2010,382.69102340796127,3.4716666666666662
Antigua and Barbuda,1985,3440.2922808955354,0.0
Antigua and Barbuda,1986,3440.2922808955354,0.0
Antigua and Barbuda,1987,3440.2922808955354,0.0
Antigua and Barbuda,1988,3440.2922808955354,0.0
Antigua and Barbuda,1989,3440.2922808955354,0.0
Antigua and Barbuda,1990,3154.601257487574,1.4366666666666665
Antigua and Barbuda,1991,3440.2922808955354,0.0
Antigua and Barbuda,1992,3440.2922808955354,0.0
Antigua and Barbuda,1993,3154.601257487574,1.25
Antigua and Barbuda,1994,3440.2922808955354,0.0
Antigua and Barbuda,1995,3440.2922808955354,0.0
Antigua and Barbuda,1998,3440.2922808955354,0.0
Antigua and Barbuda,1999,3440.2922808955354,0.0
Antigua and Barbuda,2000,2868.9102340796126,3.330833333333333
Antigua and Barbuda,2001,3155.601257487574,1.6208333333333333
Antigua and Barbuda,2002,3440.2922808955354,0.0
Antigua and Barbuda,2003,3154.601257487574,2.3183333333333334
Antigua and Barbuda,2004,2868.9102340796126,3.0050000000000003
Antigua and Barbuda,2005,3440.2922808955354,0.0
Antigua and Barbuda,2006,3440.2922808955354,0.0
Antigua and Barbuda,2007,3154.601257487574,0.665
Antigua and Barbuda,2008,3440.2922808955354,0.0
Antigua and Barbuda,2009,3440.2922808955354,0.0
Antigua and Barbuda,2012,3440.2922808955354,0.0
Antigua and Barbuda,2013,3440.2922808955354,0.0
Antigua and Barbuda,2014,3440.2922808955354,0.0
Antigua and Barbuda,2015,3154.601257487574,1.3016666666666665
Argentina,1985,1988.0,11.205833333333333
Argentina,1986,2284.0,12.741666666666667
Argentina,1987,2286.0,12.081666666666665
Argentina,1988,2354.0,12.186666666666667
Argentina,1989,2247.0,11.5775
Argentina,1990,2140.0,11.241666666666667
Argentina,1991,1951.0,9.936666666666666
Argentina,1992,2184.0,10.571666666666667
Argentina,1993,2230.0,11.230833333333335
Argentina,1994,2241.0,10.170833333333333
Argentina,1995,2204.0,9.9975
Argentina,1996,2229.0,9.835833333333333
Argentina,1997,2184.0,9.283333333333333
Argentina,1998,2347.0,9.744166666666667
Argentina,1999,2423.0,9.765833333333333
Argentina,2000,2774.0,10.949166666666665
Argentina,2001,3132.0,11.963333333333333
Argentina,2002,3162.0,11.618333333333334
Argentina,2003,3289.0,12.190833333333332
Argentina,2004,3121.0,10.921666666666667
Argentina,2005,3058.0,10.681666666666667
Argentina,2006,3108.0,10.685
Argentina,2007,2946.0,9.862499999999999
Argentina,2008,3059.0,9.8425
Argentina,2009,2884.0,8.943333333333333
Argentina,2010,2943.0,9.27
Argentina,2011,2912.0,8.8225
Argentina,2012,3248.0,9.985
Argentina,2013,2987.0,8.618333333333334
Argentina,2014,3231.0,9.279166666666667
Argentina,2015,3073.0,9.344166666666666
Armenia,1990,666.3820468159225,3.4266666666666663
Armenia,1991,940.0730702238839,3.8225
Armenia,1992,943.0730702238839,3.405
Armenia,1993,679.3820468159225,4.254166666666666
Armenia,1994,112.0,5.560833333333334
Armenia,1995,416.69102340796127,4.315833333333333
Armenia,1996,373.69102340796127,3.0875
Armenia,1997,650.3820468159225,2.685833333333333
Armenia,1998,639.3820468159225,2.285
Armenia,1999,1213.764093631845,2.0566666666666666
Armenia,2000,921.0730702238839,2.858333333333334
Armenia,2001,633.3820468159225,2.481666666666667
Armenia,2002,360.69102340796127,3.1725
Armenia,2003,919.0730702238839,2.785833333333333
Armenia,2006,651.3820468159225,3.6391666666666667
Armenia,2007,644.3820468159225,3.2516666666666665
Armenia,2008,349.69102340796127,2.9291666666666667
Armenia,2009,626.3820468159225,2.8083333333333336
Armenia,2010,73.0,3.3675
Armenia,2011,927.0730702238839,2.748333333333333
Armenia,2012,365.69102340796127,3.0475
Armenia,2013,640.3820468159225,3.123333333333333
Armenia,2014,631.3820468159225,3.0841666666666665
Armenia,2015,647.3820468159225,3.7733333333333334
Armenia,2016,67.0,4.056
Aruba,1995,2301.52818726369,25.709166666666665
Aruba,1999,2589.2192106716516,9.6225
Aruba,2000,2016.837163855729,25.444166666666664
Aruba,2001,3157.601257487574,2.2733333333333334
Aruba,2002,2302.52818726369,10.538333333333334
Aruba,2003,3155.601257487574,1.0775
Aruba,2004,2014.837163855729,14.726666666666667
Aruba,2005,1730.1461404477677,8.298333333333334
Aruba,2006,2589.2192106716516,8.025833333333333
Aruba,2007,2014.837163855729,7.6825
Aruba,2008,2297.52818726369,3.4533333333333336
Aruba,2009,2584.2192106716516,3.519166666666667
Aruba,2010,2587.2192106716516,4.8875
Aruba,2011,2015.837163855729,7.785
Australia,1985,1861.0,13.6175
Australia,1986,2044.0,14.649166666666666
Australia,1987,2164.0,15.735
Australia,1988,2172.0,14.943333333333333
Australia,1989,2066.0,14.009166666666667
Australia,1990,2488.6910234079614,14.362499999999999
Australia,1991,2288.0,15.012500000000001
Australia,1992,2251.0,14.22
Australia,1993,2038.0,12.912500000000001
Australia,1994,2283.0,13.979166666666666
Australia,1995,2456.6910234079614,12.9325
Australia,1996,2426.0,14.611666666666666
Australia,1997,2646.0,15.5775
Australia,1998,2632.0,14.700833333333334
Australia,1999,2488.0,13.929166666666667
Australia,2000,2391.0,13.151666666666666
Australia,2001,2458.0,13.2325
Australia,2002,2319.0,12.056666666666667
Australia,2003,2156.0,11.153333333333334
Australia,2004,2114.0,11.146666666666667
Australia,2006,2117.0,10.6575
Australia,2007,2229.0,10.854166666666666
Australia,2008,2341.0,10.874166666666667
Australia,2009,2623.6910234079614,10.843333333333334
Australia,2010,2420.0,11.053333333333335
Australia,2011,2392.0,11.101666666666667
Australia,2012,2580.0,11.630833333333333
Australia,2013,2608.0,11.565
Australia,2014,2891.0,12.4225
Australia,2015,3027.0,12.848333333333334
Austria,1985,2091.0,32.0675
Austria,1986,2139.0,33.483333333333334
Austria,1987,2069.0,33.82333333333333
Austria,1988,1851.0,29.80333333333333
Austria,1989,2184.6910234079614,29.94333333333333
Austria,1990,1825.0,29.48166666666667
Austria,1991,2055.6910234079614,29.6225
Austria,1992,1759.0,28.478333333333335
Austria,1993,1704.0,28.996666666666666
Austria,1994,1776.0,28.635
Austria,1995,2074.6910234079614,29.007499999999997
Austria,1996,2065.6910234079614,28.554166666666664
Austria,1997,1592.0,24.791666666666668
Austria,1998,1559.0,24.115
Austria,1999,1555.0,23.358333333333334
Austria,2000,1588.0,24.147499999999997
Austria,2001,1489.0,21.825833333333335
Austria,2002,1553.0,23.076666666666668
Austria,2003,1742.6910234079612,21.421666666666667
Austria,2004,1708.6910234079612,21.169999999999998
Austria,2005,1399.0,19.604166666666668
Austria,2006,1583.6910234079612,18.241666666666667
Austria,2007,1571.6910234079612,18.109166666666667
Austria,2008,1267.0,18.037499999999998
Austria,2009,1278.0,17.768333333333334
Austria,2010,1264.0,17.295833333333334
Austria,2011,1288.0,17.624166666666667
Austria,2012,1276.0,17.219166666666666
Austria,2013,1291.0,17.676666666666666
Austria,2014,1600.6910234079612,17.485
Austria,2015,1251.0,16.218333333333334
Austria,2016,1201.0,18.323
Azerbaijan,1990,400.69102340796127,2.0508333333333333
Azerbaijan,1991,420.69102340796127,2.685833333333333
Azerbaijan,1992,717.3820468159225,2.8983333333333334
Azerbaijan,1993,119.0,2.6266666666666665
Azerbaijan,1994,620.3820468159225,1.0033333333333332
Azerbaijan,1995,1195.764093631845,1.1900000000000002
Azerbaijan,1996,642.3820468159225,1.4858333333333336
Azerbaijan,1997,1253.764093631845,1.5491666666666666
Azerbaijan,1998,916.0730702238839,0.8891666666666667
Azerbaijan,1999,1200.764093631845,0.715
Azerbaijan,2000,348.69102340796127,1.2008333333333334
Azerbaijan,2001,317.0,5.004166666666666
Azerbaijan,2002,378.69102340796127,1.6183333333333332
Azerbaijan,2003,129.0,2.2558333333333334
Azerbaijan,2004,394.69102340796127,1.5274999999999999
Azerbaijan,2007,341.69102340796127,0.9858333333333333
Bahamas,1985,3154.601257487574,0.39666666666666667
Bahamas,1987,2869.9102340796126,1.1325
Bahamas,1993,2013.837163855729,3.125833333333333
Bahamas,1994,3156.601257487574,0.8833333333333333
Bahamas,1995,2868.9102340796126,0.5966666666666667
Bahamas,1996,3156.601257487574,0.8183333333333334
Bahamas,1997,2868.9102340796126,0.5958333333333333
Bahamas,1998,2869.9102340796126,0.9241666666666667
Bahamas,1999,2299.52818726369,1.9133333333333333
Bahamas,2000,2304.52818726369,3.388333333333333
Bahamas,2001,3154.601257487574,0.22333333333333336
Bahamas,2002,2869.9102340796126,0.8308333333333332
Bahamas,2003,3154.601257487574,0.20750000000000002
Bahamas,2004,2868.9102340796126,0.49416666666666664
Bahamas,2005,2297.52818726369,1.11
Bahamas,2006,2868.9102340796126,0.47000000000000003
Bahamas,2007,2298.52818726369,1.1183333333333334
Bahamas,2008,2297.52818726369,1.0408333333333333
Bahamas,2009,2299.52818726369,1.3316666666666668
Bahamas,2010,1443.4551170398063,4.86
Bahamas,2011,2297.52818726369,1.0825
Bahamas,2012,2585.2192106716516,0.9866666666666667
Bahamas,2013,2585.2192106716516,1.1591666666666667
Bahrain,1985,2591.2192106716516,1.6766666666666667
Bahrain,1987,2015.837163855729,2.14
Bahrain,1988,2307.52818726369,2.066666666666667
Bahrain,1997,3440.2922808955354,0.0
Bahrain,1998,3440.2922808955354,0.0
Bahrain,1999,1737.1461404477677,1.8716666666666668
Bahrain,2000,2322.52818726369,2.7275000000000005
Bahrain,2001,1169.764093631845,2.555
Bahrain,2002,1745.1461404477677,2.3066666666666666
Bahrain,2003,2327.52818726369,2.6991666666666667
Bahrain,2004,1475.4551170398063,4.5175
Bahrain,2005,1475.4551170398063,3.3516666666666666
Bahrain,2006,1461.4551170398063,2.265
Bahrain,2007,1473.4551170398063,2.674166666666667
Bahrain,2008,1763.1461404477677,2.3241666666666667
Bahrain,2009,1469.4551170398063,2.049166666666667
Bahrain,2010,1739.1461404477677,0.9908333333333333
Bahrain,2011,1164.764093631845,1.2466666666666668
Bahrain,2012,2312.52818726369,0.7233333333333333
Bahrain,2013,2585.2192106716516,0.20750000000000002
Bahrain,2014,2302.52818726369,0.5433333333333333
Barbados,1985,2300.52818726369,5.1433333333333335
Barbados,1986,2301.52818726369,3.060833333333333
Barbados,1987,2012.837163855729,2.455
Barbados,1988,2018.837163855729,4.7825
Barbados,1989,1736.1461404477677,6.131666666666667
Barbados,1990,1449.4551170398063,10.102500000000001
Barbados,1991,1737.1461404477677,6.410833333333334
Barbados,1992,1734.1461404477677,5.2941666666666665
Barbados,1993,1736.1461404477677,7.577500000000001
Barbados,1994,1447.4551170398063,5.59
Barbados,1995,1450.4551170398063,6.024166666666667
Barbados,2000,2303.52818726369,3.0941666666666667
Barbados,2001,2868.9102340796126,0.7208333333333333
Barbados,2002,3440.2922808955354,0.0
Barbados,2003,3440.2922808955354,0.0
Barbados,2004,3156.601257487574,0.6491666666666667
Barbados,2005,3154.601257487574,0.215
Barbados,2006,2302.52818726369,3.7816666666666667
Barbados,2007,3440.2922808955354,0.0
Barbados,2008,3154.601257487574,0.1925
Barbados,2009,2585.2192106716516,2.4
Barbados,2010,3156.601257487574,0.635
Barbados,2011,3440.2922808955354,0.0
Barbados,2012,3440.2922808955354,0.0
Barbados,2013,3440.2922808955354,0.0
Belarus,1990,2085.0,22.864166666666666
Belarus,1991,2169.0,24.80333333333333
Belarus,1992,2424.0,26.186666666666667
Belarus,1993,2885.0,30.425833333333333
Belarus,1994,3153.0,33.63166666666667
Belarus,1995,3203.0,33.6675
Belarus,1996,3627.0,37.975833333333334
Belarus,1997,3526.0,37.208333333333336
Belarus,1998,3556.0,37.97
Belarus,1999,3397.0,37.53
Belarus,2000,3483.0,37.275
Belarus,2001,3303.0,34.97083333333333
Belarus,2002,3291.0,34.25
Belarus,2003,3456.0,37.071666666666665
Belarus,2007,2659.0,29.6575
Belarus,2008,2658.0,29.346666666666664
Belarus,2009,2743.0,31.295
Belarus,2010,2459.0,27.665000000000003
Belarus,2011,2172.0,24.94666666666667
Belarus,2013,1902.0,22.776666666666667
Belarus,2014,1741.0,21.075833333333332
Belgium,1985,2281.0,27.67
Belgium,1986,2202.0,26.224166666666665
Belgium,1987,2524.6910234079614,27.313333333333333
Belgium,1988,1996.0,23.650000000000002
Belgium,1989,1920.0,23.7375
Belgium,1990,2181.6910234079614,23.0925
Belgium,1991,1805.0,22.001666666666665
Belgium,1992,2164.6910234079614,22.156666666666666
Belgium,1993,2142.0,25.03916666666667
Belgium,1994,2131.0,25.03333333333333
Belgium,1995,2155.0,23.825
Belgium,1996,2013.0,22.295
Belgium,1997,2432.6910234079614,23.728333333333335
Belgium,1998,2019.0,22.061666666666667
Belgium,1999,1857.0,19.224999999999998
Belgium,2000,2143.0,22.316666666666666
Belgium,2001,2165.0,21.76833333333333
Belgium,2002,2076.0,20.654999999999998
Belgium,2003,2091.0,20.7275
Belgium,2004,1987.0,19.255
Belgium,2005,2315.6910234079614,19.3125
Belgium,2006,1935.0,17.908333333333335
Belgium,2007,1857.0,17.38083333333333
Belgium,2008,1999.0,18.461666666666666
Belgium,2009,2013.0,18.195833333333333
Belgium,2010,2013.0,18.348333333333333
Belgium,2011,2374.6910234079614,18.892500000000002
Belgium,2012,2026.0,18.094166666666666
Belgium,2013,1895.0,16.79583333333333
Belgium,2014,2185.6910234079614,16.820833333333333
Belgium,2015,1867.0,16.388333333333332
Belize,1986,2583.2192106716516,1.6141666666666667
Belize,1987,2584.2192106716516,2.6175
Belize,1989,3154.601257487574,0.43
Belize,1990,2583.2192106716516,2.475
Belize,1991,2868.9102340796126,1.9941666666666666
Belize,1993,3154.601257487574,0.5408333333333334
Belize,1994,2014.837163855729,13.7275
Belize,1995,1734.1461404477677,11.9975
Belize,1996,2301.52818726369,5.107500000000001
Belize,1997,3154.601257487574,0.4808333333333333
Belize,1998,2018.837163855729,6.815
Belize,1999,2311.52818726369,6.976666666666667
Belize,2000,1451.4551170398063,13.4
Belize,2001,1452.4551170398063,12.641666666666666
Belize,2002,1447.4551170398063,5.801666666666667
Belize,2003,1158.764093631845,4.916666666666667
Belize,2004,2026.837163855729,9.781666666666666
Belize,2005,2018.837163855729,3.841666666666667
Belize,2006,1731.1461404477677,3.16
Belize,2007,1728.1461404477677,6.540833333333334
Belize,2008,2017.837163855729,7.196666666666666
Belize,2009,1735.1461404477677,4.8133333333333335
Belize,2010,2021.837163855729,5.123333333333333
Belize,2011,1466.4551170398063,12.775
Belize,2012,2024.837163855729,6.120833333333334
Belize,2013,2023.837163855729,4.7
Belize,2014,1170.764093631845,7.579166666666667
Belize,2015,886.0730702238839,11.288333333333334
Bosnia and Herzegovina,2011,2585.2192106716516,0.10916666666666668
Bosnia and Herzegovina,2014,599.6910234079612,9.125
Brazil,1985,4228.0,4.931666666666667
Brazil,1986,4271.0,4.763333333333333
Brazil,1987,4672.0,5.843333333333334
Brazil,1988,4466.0,5.446666666666666
Brazil,1989,4463.0,5.335
Brazil,1990,4803.0,5.588333333333334
Brazil,1991,5156.0,5.695
Brazil,1992,5207.0,5.41
Brazil,1993,5508.0,5.655
Brazil,1994,5896.0,5.959166666666667
Brazil,1995,6536.0,6.27
Brazil,1996,6698.0,6.110833333333333
Brazil,1997,6891.0,6.3999999999999995
Brazil,1998,6922.0,6.254166666666666
Brazil,1999,6507.0,5.637499999999999
Brazil,2000,6763.0,5.685833333333334
Brazil,2001,7710.0,6.1241666666666665
Brazil,2002,7697.0,5.814166666666666
Brazil,2003,7839.0,5.672499999999999
Brazil,2004,7995.0,5.851666666666667
Brazil,2005,8529.0,6.133333333333333
Brazil,2006,8618.0,5.824999999999999
Brazil,2007,8855.0,5.973333333333334
Brazil,2008,9184.0,6.017499999999999
Brazil,2009,9346.0,5.864166666666667
Brazil,2010,9429.0,6.060833333333334
Brazil,2011,9822.0,6.034166666666667
Brazil,2012,10295.0,6.204166666666667
Brazil,2013,10513.0,6.1175
Brazil,2014,10631.0,6.094166666666666
Brazil,2015,11163.0,6.454166666666667
Bulgaria,1985,1456.0,25.26
Bulgaria,1986,1408.0,22.956666666666667
Bulgaria,1987,1492.0,25.7
Bulgaria,1988,1452.0,24.374166666666667
Bulgaria,1989,1460.0,24.349166666666665
Bulgaria,1990,1323.0,21.36916666666667
Bulgaria,1991,1384.0,22.411666666666665
Bulgaria,1992,1519.0,25.883333333333336
Bulgaria,1993,1470.0,23.19666666666667
Bulgaria,1994,1464.0,24.0325
Bulgaria,1995,1433.0,23.154166666666665
Bulgaria,1996,1526.0,24.683333333333334
Bulgaria,1997,1465.0,23.03
Bulgaria,1998,1503.0,25.38416666666667
Bulgaria,1999,1307.0,20.892500000000002
Bulgaria,2000,1669.6910234079612,21.601666666666663
Bulgaria,2001,1314.0,20.385
Bulgaria,2002,1317.0,20.6125
Bulgaria,2003,1092.0,17.304166666666667
Bulgaria,2004,1013.0,15.343333333333334
Bulgaria,2005,982.0,14.838333333333333
Bulgaria,2006,1263.6910234079612,15.544166666666667
Bulgaria,2007,1188.6910234079612,14.480833333333331
Bulgaria,2008,939.0,14.195
Bulgaria,2009,1154.6910234079612,12.868333333333332
Bulgaria,2010,1145.6910234079612,13.1875
Bulgaria,2011,1049.6910234079612,11.126666666666667
Bulgaria,2012,1158.6910234079612,13.680833333333332
Bulgaria,2013,721.0,11.18
Bulgaria,2014,1010.6910234079612,11.6475
Cabo Verde,2011,902.0730702238839,11.153333333333334
Canada,1985,3258.0,13.871666666666668
Canada,1986,3670.0,15.8425
Canada,1987,3591.0,14.944166666666666
Canada,1988,3510.0,14.615
Canada,1989,3491.0,14.248333333333333
Canada,1990,3378.0,13.751666666666667
Canada,1991,3593.0,13.981666666666667
Canada,1992,3708.0,13.633333333333333
Canada,1993,3803.0,13.668333333333335
Canada,1994,3748.0,13.4925
Canada,1995,3968.0,13.626666666666667
Canada,1996,3941.0,13.574166666666665
Canada,1997,3681.0,12.619166666666667
Canada,1998,3699.0,12.51
Canada,1999,4074.0,13.203333333333333
Canada,2000,3606.0,11.583333333333334
Canada,2001,3694.0,11.4525
Canada,2002,3650.0,11.4775
Canada,2003,3765.0,11.439166666666667
Canada,2004,3613.0,10.971666666666666
Canada,2005,3743.0,11.153333333333334
Canada,2006,3512.0,10.535833333333333
Canada,2007,3611.0,10.620833333333334
Canada,2008,3705.0,10.6325
Canada,2009,3890.0,10.889166666666666
Canada,2010,3951.0,11.055833333333332
Canada,2011,3728.0,10.418333333333333
Canada,2012,3926.0,10.656666666666666
Canada,2013,4054.0,11.090833333333334
Chile,1985,683.0,9.075833333333334
Chile,1986,654.0,7.578333333333333
Chile,1987,979.6910234079612,7.451666666666667
Chile,1988,697.0,7.908333333333334
Chile,1989,725.0,8.37
Chile,1990,743.0,7.655
Chile,1991,787.0,8.235833333333334
Chile,1992,944.6910234079612,6.573333333333333
Chile,1993,1026.6910234079612,8.598333333333334
Chile,1994,801.0,7.945
Chile,1995,930.0,9.075833333333334
Chile,1996,917.0,7.975833333333333
Chile,1997,910.0,8.344166666666666
Chile,1998,1031.0,9.147499999999999
Chile,1999,1041.0,9.321666666666667
Chile,2000,1473.0,12.431666666666667
Chile,2001,1625.0,12.298333333333334
Chile,2002,1603.0,12.44
Chile,2003,1654.0,12.795
Chile,2004,1735.0,12.974166666666667
Chile,2005,1682.0,12.285833333333334
Chile,2006,1795.0,12.921666666666667
Chile,2007,1848.0,12.576666666666668
Chile,2008,2088.0,13.99
Chile,2009,2148.0,14.524999999999999
Chile,2010,2001.0,13.573333333333332
Chile,2011,2027.0,13.403333333333334
Chile,2012,1841.0,12.3675
Chile,2013,1738.0,11.21
Chile,2014,1789.0,11.4475
Chile,2015,1838.0,12.306666666666667
Colombia,1985,1001.0,5.213333333333334
Colombia,1986,1244.6910234079612,4.175833333333333
Colombia,1987,951.0,3.7641666666666667
Colombia,1988,912.0,4.22
Colombia,1989,831.0,3.474166666666667
Colombia,1990,865.0,3.6191666666666666
Colombia,1991,1010.0,3.6308333333333334
Colombia,1992,1086.0,4.123333333333333
Colombia,1993,1371.6910234079612,4.1025
Colombia,1994,1198.0,4.6625000000000005
Colombia,1995,1150.0,4.136666666666667
Colombia,1996,1209.0,4.430833333333333
Colombia,1997,1242.0,4.3975
Colombia,1998,2052.0,6.806666666666666
Colombia,1999,2143.0,7.008333333333333
Colombia,2000,2358.0,7.4816666666666665
Colombia,2001,2412.0,7.355833333333333
Colombia,2002,2379.0,6.781666666666666
Colombia,2003,2269.0,6.654166666666666
Colombia,2004,2244.0,7.020833333333333
Colombia,2005,2102.0,6.236666666666667
Colombia,2006,2177.0,6.534166666666667
Colombia,2007,2181.0,6.1875
Colombia,2008,2220.0,6.185
Colombia,2009,2249.0,6.1525
Colombia,2010,2107.0,5.603333333333333
Colombia,2011,2044.0,5.239999999999999
Colombia,2012,2119.0,5.5375000000000005
Colombia,2013,2068.0,5.2941666666666665
Colombia,2014,2126.0,5.551666666666667
Colombia,2015,2332.0,5.866666666666666
Costa Rica,1985,414.69102340796127,5.788333333333333
Costa Rica,1986,417.69102340796127,7.486666666666667
Costa Rica,1987,979.0730702238839,7.13
Costa Rica,1988,1284.764093631845,7.415
Costa Rica,1989,453.69102340796127,7.064166666666666
Costa Rica,1990,157.0,7.7725
Costa Rica,1991,985.0730702238839,5.1433333333333335
Costa Rica,1992,722.3820468159225,6.045000000000001
Costa Rica,1993,1024.0730702238839,8.235833333333334
Costa Rica,1994,735.3820468159225,6.732500000000001
Costa Rica,1995,495.69102340796127,6.598333333333333
Costa Rica,1996,495.69102340796127,7.905
Costa Rica,1997,187.0,6.719166666666666
Costa Rica,1998,223.0,7.674166666666667
Costa Rica,1999,806.3820468159225,7.088333333333334
Costa Rica,2000,239.0,7.357500000000001
Costa Rica,2001,484.69102340796127,6.335833333333333
Costa Rica,2002,561.6910234079612,7.968333333333334
Costa Rica,2003,601.6910234079612,9.656666666666666
Costa Rica,2004,325.0,8.393333333333333
Costa Rica,2005,558.6910234079612,6.560833333333334
Costa Rica,2006,350.0,8.4025
Costa Rica,2007,556.6910234079612,6.279166666666666
Costa Rica,2008,261.0,6.0225
Costa Rica,2009,564.6910234079612,6.447500000000001
Costa Rica,2010,884.3820468159225,7.029166666666666
Costa Rica,2011,316.0,7.485833333333333
Costa Rica,2012,588.6910234079612,6.73
Costa Rica,2013,311.0,7.4383333333333335
Costa Rica,2014,268.0,5.904166666666666
Croatia,1995,929.0,25.46166666666667
Croatia,1996,1001.0,27.89916666666667
Croatia,1997,946.0,26.141666666666666
Croatia,1998,1029.0,28.691666666666666
Croatia,1999,989.0,27.273333333333337
Croatia,2000,1212.6910234079612,26.895833333333332
Croatia,2001,881.0,23.96166666666667
Croatia,2002,1447.3820468159224,25.343333333333334
Croatia,2003,865.0,23.474166666666665
Croatia,2004,871.0,25.186666666666667
Croatia,2005,1160.6910234079612,22.464166666666667
Croatia,2006,796.0,20.685
Croatia,2007,775.0,20.287499999999998
Croatia,2008,793.0,22.140833333333333
Croatia,2009,1076.6910234079612,21.190833333333334
Croatia,2010,1062.6910234079612,20.164166666666667
Croatia,2011,988.6910234079612,18.425833333333333
Croatia,2012,776.0,19.9175
Croatia,2013,978.6910234079612,17.525000000000002
Croatia,2014,1008.6910234079612,18.503333333333334
Croatia,2015,739.0,19.14
Croatia,2016,683.0,21.356
Cuba,1992,2299.0,30.809166666666666
Cuba,1993,2374.0,32.744166666666665
Cuba,1994,2278.0,30.275833333333335
Cuba,1995,2222.0,29.396666666666665
Cuba,1996,2014.0,26.352500000000003
Cuba,1997,2029.0,26.45
Cuba,1998,2056.0,27.248333333333335
Cuba,1999,2050.0,25.51
Cuba,2000,1845.0,22.730833333333333
Cuba,2001,1652.0,20.375833333333333
Cuba,2002,1606.0,20.035
Cuba,2003,1499.0,18.426666666666666
Cuba,2004,1515.0,18.01
Cuba,2005,1397.0,17.161666666666665
Cuba,2006,1376.0,16.879166666666666
Cuba,2007,1593.6910234079612,15.681666666666667
Cuba,2008,1377.0,15.915833333333333
Cuba,2009,1477.0,16.7775
Cuba,2010,1558.0,16.844166666666666
Cuba,2011,1529.0,17.254166666666666
Cuba,2012,1495.0,17.0
Cuba,2013,1499.0,15.871666666666668
Cuba,2014,1453.0,15.385833333333332
Cuba,2015,1797.6910234079612,16.1925
Cyprus,1999,3154.601257487574,0.13083333333333333
Cyprus,2000,2873.9102340796126,0.6966666666666667
Cyprus,2004,2300.52818726369,0.7641666666666667
Cyprus,2005,1450.4551170398063,2.061666666666667
Cyprus,2006,1452.4551170398063,2.3033333333333332
Cyprus,2007,1165.764093631845,3.0141666666666667
Cyprus,2008,1187.764093631845,4.9225
Cyprus,2009,1178.764093631845,4.6275
Cyprus,2010,1184.764093631845,4.906666666666667
Cyprus,2011,1463.4551170398063,3.6483333333333334
Cyprus,2012,1756.1461404477677,3.5749999999999997
Cyprus,2013,1478.4551170398063,5.384166666666666
Cyprus,2014,904.0730702238839,4.758333333333334
Cyprus,2015,1186.764093631845,4.132499999999999
Cyprus,2016,609.3820468159225,4.715
Czech Republic,1990,1997.0,26.185
Czech Republic,1991,1904.0,24.334166666666665
Czech Republic,1992,2277.6910234079614,25.2675
Czech Republic,1993,2203.6910234079614,24.80333333333333
Czech Republic,1994,1872.0,24.439999999999998
Czech Republic,1995,1733.0,22.03333333333333
Czech Republic,1996,1568.0,20.290000000000003
Czech Republic,1997,1666.0,19.510833333333334
Czech Republic,1998,1613.0,18.89166666666667
Czech Republic,1999,1896.6910234079612,19.74416666666667
Czech Republic,2000,1649.0,18.886666666666667
Czech Republic,2001,1623.0,18.41
Czech Republic,2002,1534.0,17.679166666666667
Czech Republic,2003,1719.0,19.573333333333334
Czech Republic,2004,1583.0,16.918333333333333
Czech Republic,2005,1565.0,16.116666666666667
Czech Republic,2006,1686.6910234079612,14.866666666666667
Czech Republic,2007,1665.6910234079612,14.231666666666667
Czech Republic,2008,1379.0,14.584166666666667
Czech Republic,2009,1464.0,14.975833333333334
Czech Republic,2010,1788.6910234079612,14.635
Czech Republic,2011,1876.6910234079612,15.519999999999998
Czech Republic,2012,1658.0,16.3525
Czech Republic,2013,1577.0,15.505833333333333
Czech Republic,2014,1489.0,14.6075
Czech Republic,2015,1387.0,14.239166666666668
Czech Republic,2016,1318.0,16.176
Denmark,1994,1285.6910234079612,21.101666666666667
Denmark,1995,1210.6910234079612,19.9275
Denmark,1996,1178.6910234079612,19.13
Denmark,1997,1103.6910234079612,18.205000000000002
Denmark,1998,1049.6910234079612,15.723333333333334
Denmark,1999,1048.6910234079612,15.2575
Denmark,2000,1014.6910234079612,15.089166666666666
Denmark,2001,1013.6910234079612,15.514166666666666
Denmark,2002,1261.3820468159224,14.709166666666667
Denmark,2003,1206.3820468159224,13.058333333333332
Denmark,2004,661.0,13.481666666666667
Denmark,2005,917.6910234079612,13.685833333333333
Denmark,2006,650.0,13.506666666666666
Denmark,2007,867.6910234079612,11.663333333333334
Denmark,2008,603.0,11.920833333333334
Denmark,2009,622.0,12.058333333333332
Denmark,2010,1136.3820468159224,10.835
Denmark,2011,1162.3820468159224,10.5275
Denmark,2012,947.6910234079612,11.934166666666668
Denmark,2013,610.0,11.2125
Denmark,2014,629.0,11.4775
Denmark,2015,850.6910234079612,10.118333333333334
Dominica,1985,3440.2922808955354,0.0
Ecuador,1985,393.0,6.876666666666666
Ecuador,1986,377.0,6.378333333333334
Ecuador,1987,390.0,5.210833333333333
Ecuador,1988,466.0,6.274166666666666
Ecuador,1989,431.0,5.864999999999999
Ecuador,1990,448.0,5.04
Ecuador,1991,494.0,5.579999999999999
Ecuador,1992,505.0,6.316666666666666
Ecuador,1993,574.0,5.909166666666667
Ecuador,1994,512.0,5.639166666666667
Ecuador,1995,546.0,5.685
Ecuador,1996,593.0,6.361666666666667
Ecuador,1997,579.0,5.585
Ecuador,1998,546.0,5.1725
Ecuador,1999,616.0,5.994166666666666
Ecuador,2000,534.0,4.764166666666667
Ecuador,2001,584.0,5.603333333333333
Ecuador,2002,577.0,5.118333333333333
Ecuador,2003,675.0,5.88
Ecuador,2004,791.0,7.0325
Ecuador,2005,943.0,8.060833333333333
Ecuador,2006,900.0,7.7558333333333325
Ecuador,2007,1005.0,7.9975
Ecuador,2008,928.0,7.940833333333334
Ecuador,2009,964.0,7.854166666666667
Ecuador,2010,912.0,6.790833333333333
Ecuador,2011,918.0,6.816666666666666
Ecuador,2012,976.0,7.073333333333333
Ecuador,2013,676.0,5.24
Ecuador,2014,734.0,5.501666666666666
Ecuador,2015,1073.0,8.115833333333333
El Salvador,1990,571.0,15.371666666666668
El Salvador,1991,474.0,14.275
El Salvador,1992,419.0,10.051666666666668
El Salvador,1993,424.0,10.3075
El Salvador,1995,620.0,13.265833333333333
El Salvador,1996,826.6910234079612,12.096666666666666
El Salvador,1997,577.0,11.666666666666666
El Salvador,1998,798.6910234079612,10.235833333333334
El Salvador,1999,515.0,10.663333333333334
El Salvador,2000,461.0,9.2125
El Salvador,2001,514.0,10.809166666666668
El Salvador,2002,722.6910234079612,9.4325
El Salvador,2003,527.0,10.743333333333332
El Salvador,2004,464.0,9.296666666666667
El Salvador,2005,455.0,9.644166666666667
El Salvador,2006,411.0,8.2975
El Salvador,2007,501.0,10.595
El Salvador,2008,490.0,10.485
El Salvador,2009,506.0,10.343333333333334
El Salvador,2010,399.0,8.16
El Salvador,2011,485.0,9.621666666666666
El Salvador,2012,512.0,10.261666666666667
El Salvador,2013,770.6910234079612,9.671666666666667
El Salvador,2014,386.0,8.486666666666666
Estonia,1995,880.6910234079612,45.265833333333326
Estonia,1996,831.6910234079612,44.06
Estonia,1997,808.6910234079612,41.83833333333333
Estonia,1998,477.0,35.626666666666665
Estonia,1999,754.6910234079612,40.53916666666667
Estonia,2000,663.6910234079612,30.386666666666667
Estonia,2001,687.6910234079612,30.973333333333333
Estonia,2002,371.0,29.858333333333334
Estonia,2003,342.0,28.186666666666667
Estonia,2004,609.6910234079612,24.955
Estonia,2005,559.6910234079612,21.36916666666667
Estonia,2006,533.6910234079612,20.219166666666666
Estonia,2007,824.3820468159225,22.087500000000002
Estonia,2008,242.0,20.38083333333333
Estonia,2009,842.3820468159225,20.7225
Estonia,2010,796.3820468159225,19.089166666666667
Estonia,2011,791.3820468159225,19.105
Estonia,2012,523.6910234079612,20.134166666666665
Estonia,2013,504.69102340796127,19.326666666666668
Estonia,2014,527.6910234079612,21.575833333333335
Estonia,2015,195.0,17.115
Fiji,2001,1182.764093631845,4.579166666666667
Fiji,2002,328.69102340796127,9.211666666666668
Fiji,2003,1730.1461404477677,1.3433333333333335
Fiji,2004,597.3820468159225,7.540833333333334
Fiji,2005,1168.764093631845,4.4025
Fiji,2006,1170.764093631845,2.5641666666666665
Fiji,2007,1733.1461404477677,1.705
Fiji,2008,897.0730702238839,3.9566666666666666
Fiji,2009,1172.764093631845,4.305833333333333
Fiji,2011,898.0730702238839,8.914166666666667
Fiji,2012,605.3820468159225,7.631666666666667
Finland,1987,1649.6910234079612,28.945833333333336
Finland,1988,1402.0,29.503333333333334
Finland,1989,1699.6910234079612,31.113333333333333
Finland,1990,1798.6910234079612,33.01833333333334
Finland,1991,1779.6910234079612,31.465
Finland,1992,1451.0,29.155833333333334
Finland,1993,1397.0,27.75
Finland,1994,1387.0,27.52
Finland,1995,1674.6910234079612,27.08
Finland,1996,1247.0,24.1375
Finland,1997,1322.0,25.8625
Finland,1998,1228.0,25.11916666666667
Finland,1999,1207.0,23.5925
Finland,2000,1451.6910234079612,22.1375
Finland,2001,1204.0,22.265833333333333
Finland,2002,1381.6910234079612,21.293333333333333
Finland,2003,1075.0,20.2875
Finland,2004,1064.0,20.32916666666667
Finland,2005,1280.6910234079612,19.21
Finland,2006,1062.0,19.483333333333334
Finland,2007,1281.6910234079612,18.59
Finland,2008,1033.0,18.357499999999998
Finland,2009,1320.6910234079612,19.04083333333333
Finland,2010,1240.6910234079612,17.934166666666666
Finland,2011,1198.6910234079612,16.9675
Finland,2012,1446.3820468159224,15.584166666666667
Finland,2013,887.0,16.4025
Finland,2014,789.0,14.763333333333334
Finland,2015,1017.6910234079612,13.4325
France,1985,12501.0,29.075
France,1986,12529.0,29.314166666666665
France,1987,12161.0,27.585833333333337
France,1988,11599.0,26.060000000000002
France,1989,11715.0,26.044166666666666
France,1990,11403.0,25.227500000000003
France,1991,11502.0,24.84166666666667
France,1992,11644.0,25.1225
France,1993,12251.0,26.0575
France,1994,12041.0,24.995833333333334
France,1995,11819.0,24.385
France,1996,11279.0,22.601666666666663
France,1997,11139.0,22.194166666666664
France,1998,10534.0,21.1375
France,1999,10268.0,20.485833333333332
France,2000,10849.0,21.435833333333335
France,2001,10449.0,19.995
France,2002,10643.0,19.886666666666667
France,2003,10871.0,20.109166666666667
France,2004,10804.0,19.375833333333336
France,2005,10713.0,19.340833333333332
France,2006,10423.0,18.385833333333334
France,2007,10127.0,17.8075
France,2008,10353.0,18.017500000000002
France,2009,10499.0,18.02
France,2010,10379.0,17.5975
France,2011,10408.0,17.598333333333333
France,2012,9743.0,16.581666666666667
France,2013,9600.0,16.0275
France,2014,8881.0,14.963333333333333
Georgia,1990,769.3820468159225,5.3691666666666675
Georgia,1991,460.69102340796127,4.420833333333333
Georgia,1992,777.3820468159225,5.04
Georgia,1994,696.3820468159225,3.108333333333333
Georgia,1995,424.69102340796127,3.395
Georgia,1996,448.69102340796127,4.9750000000000005
Georgia,1997,462.69102340796127,5.054166666666666
Georgia,1998,721.3820468159225,4.108333333333333
Georgia,1999,762.3820468159225,5.715
Georgia,2000,990.0730702238839,3.8866666666666667
Georgia,2001,673.3820468159225,2.9324999999999997
Georgia,2004,175.0,5.545000000000001
Georgia,2005,373.69102340796127,2.3633333333333333
Georgia,2006,72.0,1.9591666666666667
Georgia,2007,677.3820468159225,3.049166666666667
Georgia,2009,188.0,5.421666666666667
Georgia,2010,972.0730702238839,2.8608333333333333
Georgia,2011,385.69102340796127,3.025833333333333
Georgia,2012,390.69102340796127,2.9066666666666667
Georgia,2013,157.0,4.630833333333333
Georgia,2014,767.3820468159225,6.2075
Georgia,2015,478.69102340796127,7.056666666666666
Germany,1990,13924.0,21.620833333333334
Germany,1991,14010.0,21.50916666666667
Germany,1992,13458.0,20.836666666666666
Germany,1993,12690.0,19.625
Germany,1994,12718.0,19.232499999999998
Germany,1995,12888.0,19.465
Germany,1996,12225.0,18.035
Germany,1997,12256.0,17.580000000000002
Germany,1998,11654.0,16.709166666666665
Germany,1999,11160.0,15.770000000000001
Germany,2000,11073.0,15.4625
Germany,2001,11167.0,15.481666666666667
Germany,2002,11176.0,15.33
Germany,2003,11155.0,15.103333333333333
Germany,2004,10741.0,14.3525
Germany,2005,10270.0,13.457500000000001
Germany,2006,9775.0,12.71
Germany,2007,9409.0,12.21
Germany,2008,9459.0,12.126666666666667
Germany,2009,9579.0,12.126666666666667
Germany,2010,10030.0,12.680833333333334
Germany,2011,10153.0,12.735
Germany,2012,9896.0,12.359166666666667
Germany,2013,10091.0,12.756666666666666
Germany,2014,10217.0,12.753333333333332
Germany,2015,10088.0,12.528333333333334
Greece,1985,978.3820468159225,4.8475
Greece,1986,966.3820468159225,5.100833333333333
Greece,1987,410.0,5.255
Greece,1988,976.3820468159225,5.01
Greece,1989,669.6910234079612,4.5441666666666665
Greece,1990,635.6910234079612,4.2908333333333335
Greece,1991,667.6910234079612,4.5475
Greece,1992,637.6910234079612,4.0775
Greece,1993,412.0,4.425
Greece,1994,641.6910234079612,3.9033333333333338
Greece,1995,943.3820468159225,4.14
Greece,1996,929.3820468159225,3.7608333333333337
Greece,1997,660.6910234079612,3.971666666666667
Greece,1998,689.6910234079612,4.0225
Greece,1999,954.3820468159225,3.811666666666667
Greece,2000,668.6910234079612,3.7383333333333333
Greece,2001,334.0,3.234166666666667
Greece,2002,896.3820468159225,3.1958333333333333
Greece,2003,661.6910234079612,3.3891666666666667
Greece,2004,639.6910234079612,3.41
Greece,2005,686.6910234079612,3.8775
Greece,2006,680.6910234079612,3.784166666666667
Greece,2007,614.6910234079612,2.825833333333333
Greece,2008,1233.0730702238839,3.358333333333333
Greece,2009,964.3820468159225,3.4141666666666666
Greece,2010,950.3820468159225,3.3249999999999997
Greece,2011,1050.3820468159224,4.056666666666667
Greece,2012,794.6910234079612,4.443333333333333
Greece,2013,819.6910234079612,4.5925
Greece,2014,851.6910234079612,4.985
Greece,2015,1102.3820468159224,4.671666666666667
Grenada,1985,3154.601257487574,2.09
Grenada,1988,2584.2192106716516,3.9000000000000004
Grenada,1989,2584.2192106716516,5.424166666666667
Grenada,1990,2868.9102340796126,2.0625
Grenada,1991,3440.2922808955354,0.0
Grenada,1992,3440.2922808955354,0.0
Grenada,1993,2869.9102340796126,2.8508333333333336
Grenada,1994,2870.9102340796126,5.068333333333333
Grenada,1995,3154.601257487574,4.329166666666667
Grenada,1996,3154.601257487574,0.9966666666666667
Grenada,2001,3440.2922808955354,0.0
Grenada,2002,3440.2922808955354,0.0
Grenada,2003,2870.9102340796126,5.765000000000001
Grenada,2004,3154.601257487574,1.1141666666666665
Grenada,2005,2012.837163855729,13.401666666666666
Grenada,2006,3154.601257487574,0.8241666666666667
Grenada,2007,2583.2192106716516,4.028333333333333
Grenada,2008,3440.2922808955354,0.0
Grenada,2009,3440.2922808955354,0.0
Grenada,2010,3440.2922808955354,0.0
Grenada,2011,3154.601257487574,1.7275
Grenada,2012,2868.9102340796126,1.5008333333333332
Grenada,2013,3440.2922808955354,0.0
Grenada,2014,3440.2922808955354,0.0
Grenada,2015,3440.2922808955354,0.0
Grenada,2016,2866.9102340796126,0.0
Guatemala,1986,776.3820468159225,3.5700000000000003
Guatemala,1987,241.0,4.826666666666667
Guatemala,1988,460.69102340796127,3.936666666666667
Guatemala,1989,725.3820468159225,2.935833333333333
Guatemala,1990,444.69102340796127,2.839166666666667
Guatemala,1991,729.3820468159225,2.7933333333333334
Guatemala,1992,746.3820468159225,3.1875
Guatemala,1993,451.69102340796127,2.5974999999999997
Guatemala,1994,428.69102340796127,2.158333333333333
Guatemala,1995,211.0,2.8441666666666667
Guatemala,1996,443.69102340796127,2.504166666666667
Guatemala,1997,465.69102340796127,2.2091666666666665
Guatemala,1998,201.0,3.0883333333333334
Guatemala,1999,520.6910234079612,3.0416666666666665
Guatemala,2000,468.69102340796127,2.2849999999999997
Guatemala,2001,488.69102340796127,2.549166666666667
Guatemala,2002,258.0,3.3775
Guatemala,2003,539.6910234079612,3.111666666666667
Guatemala,2004,536.6910234079612,2.4941666666666666
Guatemala,2005,524.6910234079612,2.7175
Guatemala,2006,298.0,3.4958333333333336
Guatemala,2007,327.0,3.3558333333333334
Guatemala,2008,778.6910234079612,4.5633333333333335
Guatemala,2009,797.6910234079612,4.7975
Guatemala,2010,638.6910234079612,2.9525
Guatemala,2011,359.0,2.890833333333333
Guatemala,2012,420.0,3.483333333333333
Guatemala,2013,741.6910234079612,3.390833333333333
Guatemala,2014,798.6910234079612,3.8233333333333337
Guatemala,2015,494.0,3.7375000000000003
Guyana,1988,1202.764093631845,7.66
Guyana,1989,380.69102340796127,15.406666666666666
Guyana,1990,375.69102340796127,14.755
Guyana,1991,678.3820468159225,19.403333333333332
Guyana,1992,78.0,15.179166666666667
Guyana,1993,932.0730702238839,9.734166666666667
Guyana,1994,659.3820468159225,13.516666666666666
Guyana,1995,959.0730702238839,17.393333333333334
Guyana,1996,920.0730702238839,10.6925
Guyana,1997,1473.4551170398063,6.8875
Guyana,1998,1468.4551170398063,5.405
Guyana,1999,163.0,26.135
Guyana,2001,770.3820468159225,31.73
Guyana,2002,462.69102340796127,25.99416666666667
Guyana,2003,198.0,31.878333333333334
Guyana,2004,186.0,33.333333333333336
Guyana,2005,455.69102340796127,27.83
Guyana,2006,487.69102340796127,32.88333333333333
Guyana,2007,185.0,31.145833333333332
Guyana,2008,454.69102340796127,29.468333333333334
Guyana,2009,156.0,25.14833333333333
Guyana,2010,491.69102340796127,33.589166666666664
Guyana,2011,192.0,29.1275
Guyana,2012,492.69102340796127,30.665000000000003
Guyana,2013,496.69102340796127,29.698333333333334
Hungary,1991,3993.0,47.916666666666664
Hungary,1992,4000.0,47.52166666666667
Hungary,1993,3694.0,44.94
Hungary,1994,3625.0,44.65083333333333
Hungary,1995,3652.6910234079614,41.11833333333333
Hungary,1996,3436.0,40.22833333333333
Hungary,1997,3208.0,39.20333333333333
Hungary,1998,3531.6910234079614,36.39833333333333
Hungary,1999,3326.0,40.32333333333333
Hungary,2000,3269.0,38.71333333333333
Hungary,2001,2978.0,34.08166666666667
Hungary,2002,2839.0,31.895833333333332
Hungary,2003,3086.6910234079614,31.003333333333334
Hungary,2004,2742.0,30.789166666666663
Hungary,2005,2905.6910234079614,29.334166666666665
Hungary,2006,2461.0,26.054999999999996
Hungary,2007,2736.6910234079614,27.276666666666667
Hungary,2008,2762.6910234079614,27.64
Hungary,2009,2460.0,25.893333333333334
Hungary,2010,2489.0,26.775833333333335
Hungary,2011,2420.0,24.9875
Hungary,2012,2635.6910234079614,25.496666666666666
Hungary,2013,2378.6910234079614,22.185833333333335
Hungary,2014,2211.6910234079614,20.359166666666667
Hungary,2015,1868.0,21.439166666666665
Hungary,2016,1761.0,24.134
Iceland,1985,1465.4551170398063,14.254166666666668
Iceland,1986,323.69102340796127,17.925
Iceland,1987,896.0730702238839,17.495
Iceland,1988,1181.764093631845,13.998333333333335
Iceland,1989,1455.4551170398063,9.176666666666668
Iceland,1990,1473.4551170398063,15.025833333333333
Iceland,1991,897.0730702238839,16.644166666666667
Iceland,1992,1461.4551170398063,10.240833333333333
Iceland,1993,1459.4551170398063,9.084999999999999
Iceland,1994,1458.4551170398063,10.453333333333333
Iceland,1995,1173.764093631845,10.805
Iceland,1996,606.3820468159225,14.779166666666667
Iceland,1997,893.0730702238839,13.668333333333335
Iceland,1998,890.0730702238839,11.7575
Iceland,1999,891.0730702238839,10.743333333333332
Iceland,2000,1483.4551170398063,17.3325
Iceland,2001,1182.764093631845,13.588333333333333
Iceland,2002,890.0730702238839,10.936666666666667
Iceland,2003,1459.4551170398063,8.414166666666667
Iceland,2004,895.0730702238839,14.0675
Iceland,2005,1753.1461404477677,9.583333333333334
Iceland,2006,1465.4551170398063,8.865833333333333
Iceland,2007,610.3820468159225,13.6075
Iceland,2008,1184.764093631845,11.340833333333334
Iceland,2009,1469.4551170398063,10.310833333333333
Iceland,2010,619.3820468159225,15.355833333333335
Iceland,2011,887.0730702238839,7.745833333333334
Iceland,2012,897.0730702238839,12.1175
Iceland,2013,909.0730702238839,18.436666666666667
Iceland,2014,617.3820468159225,16.496666666666666
Iceland,2015,1186.764093631845,11.720833333333333
Iceland,2016,900.0730702238839,13.806999999999999
Ireland,1985,562.6910234079612,8.513333333333334
Ireland,1986,568.6910234079612,8.74
Ireland,1987,531.6910234079612,7.951666666666667
Ireland,1988,839.3820468159225,9.436666666666666
Ireland,1989,851.3820468159225,9.213333333333333
Ireland,1990,620.6910234079612,10.473333333333334
Ireland,1991,918.3820468159225,10.544166666666667
Ireland,1992,648.6910234079612,11.489166666666668
Ireland,1993,612.6910234079612,9.7625
Ireland,1994,680.6910234079612,11.901666666666666
Ireland,1995,403.0,11.986666666666666
Ireland,1996,694.6910234079612,12.128333333333332
Ireland,1997,752.6910234079612,13.012500000000001
Ireland,1998,498.0,13.514166666666666
Ireland,1999,424.0,11.768333333333333
Ireland,2000,749.6910234079612,11.863333333333335
Ireland,2001,774.6910234079612,12.414166666666667
Ireland,2002,449.0,11.318333333333333
Ireland,2003,454.0,11.230833333333335
Ireland,2004,750.6910234079612,10.785000000000002
Ireland,2005,451.0,10.0925
Ireland,2006,452.0,10.538333333333332
Ireland,2007,458.0,10.147499999999999
Ireland,2008,792.6910234079612,10.796666666666667
Ireland,2009,527.0,11.0525
Ireland,2010,486.0,10.025
Ireland,2011,1414.0730702238839,11.548333333333334
Ireland,2012,542.0,11.471666666666666
Ireland,2013,773.6910234079612,9.784166666666666
Ireland,2014,772.6910234079612,9.973333333333334
Israel,1985,807.3820468159225,9.335833333333333
Israel,1986,564.6910234079612,10.856666666666667
Israel,1987,844.3820468159225,11.134166666666667
Israel,1988,589.6910234079612,10.346666666666666
Israel,1989,353.0,14.193333333333333
Israel,1990,590.6910234079612,10.188333333333334
Israel,1991,645.6910234079612,11.611666666666666
Israel,1992,381.0,10.9125
Israel,1993,657.6910234079612,11.435833333333333
Israel,1994,416.0,12.490833333333335
Israel,1995,360.0,10.619166666666667
Israel,1996,592.6910234079612,9.209166666666667
Israel,1997,665.6910234079612,10.548333333333334
Israel,1998,318.0,8.3425
Israel,1999,654.6910234079612,8.548333333333334
Israel,2000,680.6910234079612,9.046666666666667
Israel,2001,398.0,9.019166666666667
Israel,2002,668.6910234079612,7.790833333333333
Israel,2003,703.6910234079612,8.0975
Israel,2004,411.0,8.203333333333333
Israel,2005,425.0,8.575833333333334
Israel,2006,653.6910234079612,6.71
Israel,2007,612.6910234079612,6.139166666666667
Israel,2008,354.0,7.2775
Israel,2009,404.0,6.6933333333333325
Israel,2010,480.0,8.289166666666667
Israel,2011,695.6910234079612,7.284166666666667
Israel,2012,716.6910234079612,6.982500000000001
Israel,2013,658.6910234079612,6.184166666666666
Israel,2014,382.0,5.938333333333333
Israel,2015,342.0,5.4925
Italy,1985,4759.0,11.116666666666667
Italy,1986,4691.0,10.920833333333334
Italy,1987,4516.0,10.461666666666668
Italy,1988,4381.0,10.150833333333333
Italy,1989,4342.0,9.72
Italy,1990,4402.0,10.165000000000001
Italy,1991,4453.0,9.655833333333334
Italy,1992,4543.0,9.623333333333333
Italy,1993,4697.0,10.095
Italy,1994,4536.0,9.910833333333333
Italy,1995,4569.0,9.834166666666667
Italy,1996,4689.0,9.620833333333334
Italy,1997,4694.0,9.753333333333334
Italy,1998,4504.0,9.486666666666666
Italy,1999,4115.0,8.31
Italy,2000,4108.0,8.268333333333333
Italy,2001,4030.0,7.989166666666667
Italy,2002,4069.0,7.884166666666666
Italy,2003,4075.0,7.868333333333333
Italy,2004,3986.0,7.610833333333333
Italy,2005,3742.0,6.8825
Italy,2006,3986.6910234079614,6.800833333333333
Italy,2007,3757.0,6.830000000000001
Italy,2008,3904.0,6.8075
Italy,2009,3974.0,6.8275
Italy,2010,3989.0,6.730833333333333
Italy,2011,4153.0,7.173333333333333
Italy,2012,4257.0,7.120833333333334
Italy,2013,4290.0,7.071666666666666
Italy,2014,4147.0,6.844166666666666
Italy,2015,3988.0,6.5375000000000005
Jamaica,1985,1728.1461404477677,0.7533333333333333
Jamaica,1986,3154.601257487574,0.047499999999999994
Jamaica,1987,1733.1461404477677,0.6483333333333333
Jamaica,1988,2298.52818726369,0.35000000000000003
Jamaica,1989,3440.2922808955354,0.0
Jamaica,1990,2869.9102340796126,0.11
Jamaica,1991,3154.601257487574,0.075
Jamaica,2000,2869.9102340796126,0.09666666666666666
Jamaica,2001,2298.52818726369,0.2333333333333333
Jamaica,2002,3155.601257487574,0.05833333333333333
Jamaica,2003,2868.9102340796126,0.07583333333333332
Jamaica,2004,3154.601257487574,0.06166666666666667
Jamaica,2005,624.3820468159225,2.180833333333333
Jamaica,2006,3440.2922808955354,0.0
Jamaica,2009,896.0730702238839,1.7608333333333333
Jamaica,2010,2583.2192106716516,0.09666666666666666
Jamaica,2011,623.3820468159225,2.3216666666666668
Japan,1985,23257.0,25.039166666666663
Japan,1986,25484.0,26.962500000000002
Japan,1987,23663.0,24.6075
Japan,1988,22676.0,23.72666666666667
Japan,1989,21013.0,21.951666666666668
Japan,1990,20002.0,20.530833333333334
Japan,1991,19780.0,19.5425
Japan,1992,20756.0,20.023333333333333
Japan,1993,20353.0,18.675
Japan,1994,20744.0,19.079166666666666
Japan,1995,21249.0,19.010833333333334
Japan,1996,21967.0,19.04
Japan,1997,23280.0,19.781666666666666
Japan,1998,31458.0,25.55
Japan,1999,31115.0,24.90833333333333
Japan,2000,29989.0,23.209999999999997
Japan,2001,29132.0,22.263333333333335
Japan,2002,29715.0,22.153333333333332
Japan,2003,31881.0,23.284166666666664
Japan,2004,30034.0,22.1875
Japan,2005,30369.0,22.24083333333333
Japan,2006,29769.0,21.853333333333335
Japan,2007,30665.0,22.396666666666665
Japan,2008,30073.0,22.11
Japan,2009,30523.0,22.224166666666665
Japan,2010,29411.0,21.29
Japan,2011,28766.0,21.034166666666668
Japan,2012,26338.0,19.474999999999998
Japan,2013,25991.0,19.263333333333332
Japan,2014,24357.0,18.184166666666666
Japan,2015,23092.0,17.169999999999998
Kazakhstan,1990,3172.0,27.843333333333334
Kazakhstan,1991,3082.0,26.554999999999996
Kazakhstan,1992,3356.0,26.96083333333333
Kazakhstan,1993,4019.0,31.374166666666667
Kazakhstan,1994,4024.0,34.556666666666665
Kazakhstan,1995,4706.0,37.88916666666667
Kazakhstan,1996,4773.0,37.736666666666665
Kazakhstan,1997,4642.0,36.145
Kazakhstan,1998,4313.0,36.71
Kazakhstan,1999,3991.0,33.9775
Kazakhstan,2000,4428.0,35.50416666666667
Kazakhstan,2001,4377.0,35.2075
Kazakhstan,2002,4240.0,33.82416666666666
Kazakhstan,2003,4321.0,34.30916666666666
Kazakhstan,2004,4394.0,34.48833333333334
Kazakhstan,2005,3903.0,29.816666666666666
Kazakhstan,2006,4076.0,31.227500000000003
Kazakhstan,2007,4141.0,31.3025
Kazakhstan,2008,3997.0,30.578333333333333
Kazakhstan,2009,3838.0,27.50583333333333
Kazakhstan,2010,3609.0,26.734166666666667
Kazakhstan,2011,3401.0,24.48
Kazakhstan,2012,3240.0,22.584999999999997
Kazakhstan,2013,3512.0,24.7225
Kazakhstan,2014,3119.0,21.424166666666665
Kazakhstan,2015,2872.0,19.834999999999997
Kiribati,1991,1730.1461404477677,15.128333333333332
Kiribati,1992,2584.2192106716516,6.815
Kiribati,1993,1445.4551170398063,17.018333333333334
Kiribati,1994,2016.837163855729,12.533333333333333
Kiribati,1995,2868.9102340796126,4.725833333333333
Kiribati,1996,2012.837163855729,6.445833333333333
Kiribati,1997,2585.2192106716516,6.338333333333334
Kiribati,1998,2584.2192106716516,4.204166666666667
Kiribati,1999,3440.2922808955354,0.0
Kiribati,2000,3440.2922808955354,0.0
Kiribati,2001,3440.2922808955354,0.0
Kuwait,1985,1737.1461404477677,0.9333333333333332
Kuwait,1986,2022.837163855729,0.7283333333333334
Kuwait,1987,1449.4551170398063,0.9558333333333334
Kuwait,1993,1738.1461404477677,1.0841666666666667
Kuwait,1994,1750.1461404477677,1.5391666666666666
Kuwait,1995,1746.1461404477677,1.0616666666666668
Kuwait,1996,1750.1461404477677,1.5274999999999999
Kuwait,1997,1466.4551170398063,1.6616666666666668
Kuwait,1998,1468.4551170398063,1.3508333333333333
Kuwait,1999,1479.4551170398063,1.4016666666666666
Kuwait,2000,1467.4551170398063,1.2691666666666668
Kuwait,2001,2036.837163855729,0.7608333333333334
Kuwait,2002,1765.1461404477677,1.2133333333333334
Kuwait,2003,1764.1461404477677,1.37
Kuwait,2004,1765.1461404477677,1.4383333333333335
Kuwait,2005,1485.4551170398063,1.515
Kuwait,2006,1478.4551170398063,1.3191666666666666
Kuwait,2007,1484.4551170398063,1.085
Kuwait,2008,1193.764093631845,0.98
Kuwait,2009,1494.4551170398063,1.2341666666666666
Kuwait,2010,1472.4551170398063,0.8366666666666668
Kuwait,2011,901.0730702238839,0.9508333333333333
Kuwait,2012,916.0730702238839,1.2991666666666666
Kuwait,2013,1474.4551170398063,0.8233333333333333
Kuwait,2014,1214.764093631845,1.3216666666666665
Kyrgyzstan,1990,547.0,20.589166666666667
Kyrgyzstan,1991,543.0,20.549166666666668
Kyrgyzstan,1992,491.0,18.451666666666664
Kyrgyzstan,1993,563.0,21.565833333333334
Kyrgyzstan,1994,581.0,21.1925
Kyrgyzstan,1995,605.0,19.980833333333333
Kyrgyzstan,1996,480.0,17.211666666666666
Kyrgyzstan,1997,496.0,15.904166666666667
Kyrgyzstan,1998,509.0,15.411666666666667
Kyrgyzstan,1999,556.0,15.953333333333333
Kyrgyzstan,2000,510.0,15.219166666666666
Kyrgyzstan,2001,560.0,16.10833333333333
Kyrgyzstan,2002,567.0,14.425833333333335
Kyrgyzstan,2003,479.0,11.488333333333335
Kyrgyzstan,2004,438.0,11.777500000000002
Kyrgyzstan,2005,470.0,11.29
Kyrgyzstan,2006,463.0,12.165833333333333
Kyrgyzstan,2007,482.0,10.490833333333333
Kyrgyzstan,2008,759.6910234079612,11.33
Kyrgyzstan,2009,458.0,9.44
Kyrgyzstan,2010,500.0,11.933333333333335
Kyrgyzstan,2011,471.0,10.574166666666667
Kyrgyzstan,2012,524.0,11.721666666666666
Kyrgyzstan,2013,446.0,9.153333333333334
Kyrgyzstan,2014,461.0,9.315833333333334
Kyrgyzstan,2015,417.0,8.1975
Latvia,1995,1024.0,45.468333333333334
Latvia,1996,1208.6910234079612,41.00083333333333
Latvia,1997,886.0,41.0475
Latvia,1998,839.0,36.82
Latvia,1999,1049.6910234079612,35.034166666666664
Latvia,2000,770.0,37.766666666666666
Latvia,2001,994.6910234079612,31.9575
Latvia,2002,956.6910234079612,30.646666666666665
Latvia,2003,604.0,30.135833333333334
Latvia,2004,849.6910234079612,27.365
Latvia,2005,564.0,26.005
Latvia,2006,1060.3820468159224,24.075
Latvia,2007,453.0,24.645833333333332
Latvia,2008,527.0,26.974166666666665
Latvia,2009,1089.3820468159224,25.650000000000002
Latvia,2010,1011.3820468159225,21.611666666666668
Latvia,2011,1013.3820468159225,24.0625
Latvia,2012,730.6910234079612,22.30666666666667
Latvia,2013,669.6910234079612,20.1825
Latvia,2014,955.3820468159225,20.734166666666667
Latvia,2015,673.6910234079612,20.955833333333334
Lithuania,1995,1694.0,53.275
Lithuania,1996,1722.0,49.634166666666665
Lithuania,1997,1632.0,47.120000000000005
Lithuania,1998,1553.0,47.196666666666665
Lithuania,1999,1550.0,46.79416666666666
Lithuania,2000,1917.6910234079612,47.650000000000006
Lithuania,2001,1533.0,47.415
Lithuania,2002,1551.0,46.30166666666667
Lithuania,2003,1455.0,44.21
Lithuania,2004,1380.0,41.9475
Lithuania,2005,1319.0,40.482499999999995
Lithuania,2006,1049.0,33.380833333333335
Lithuania,2007,1025.0,33.899166666666666
Lithuania,2008,1397.6910234079612,35.8375
Lithuania,2009,1138.0,36.4225
Lithuania,2010,1018.0,32.93666666666667
Lithuania,2011,1018.0,33.97416666666667
Lithuania,2012,1213.6910234079612,31.176666666666666
Lithuania,2013,1085.0,37.04666666666667
Lithuania,2014,930.0,33.439166666666665
Lithuania,2015,896.0,32.123333333333335
Lithuania,2016,822.0,36.172000000000004
Luxembourg,1985,628.3820468159225,20.61583333333333
Luxembourg,1986,911.0730702238839,15.254166666666668
Luxembourg,1987,647.3820468159225,20.27
Luxembourg,1988,929.0730702238839,17.625
Luxembourg,1989,73.0,21.776666666666667
Luxembourg,1990,928.0730702238839,19.445
Luxembourg,1991,937.0730702238839,23.4025
Luxembourg,1992,632.3820468159225,19.030833333333334
Luxembourg,1993,924.0730702238839,17.330000000000002
Luxembourg,1994,647.3820468159225,23.103333333333335
Luxembourg,1995,636.3820468159225,17.506666666666664
Luxembourg,1996,645.3820468159225,19.104166666666668
Luxembourg,1997,654.3820468159225,25.633333333333336
Luxembourg,1998,350.69102340796127,16.770833333333332
Luxembourg,1999,643.3820468159225,17.665833333333335
Luxembourg,2000,635.3820468159225,18.55333333333333
Luxembourg,2001,933.0730702238839,19.985
Luxembourg,2002,945.0730702238839,22.011666666666667
Luxembourg,2003,621.3820468159225,13.6975
Luxembourg,2004,1208.764093631845,15.795
Luxembourg,2005,909.0730702238839,13.255833333333333
Luxembourg,2006,925.0730702238839,15.315833333333332
Luxembourg,2007,651.3820468159225,15.324166666666668
Luxembourg,2008,1189.764093631845,9.359166666666667
Luxembourg,2009,908.0730702238839,9.245833333333334
Luxembourg,2010,627.3820468159225,11.763333333333334
Luxembourg,2011,628.3820468159225,11.3775
Luxembourg,2012,624.3820468159225,11.681666666666667
Luxembourg,2013,1186.764093631845,7.623333333333334
Luxembourg,2014,353.69102340796127,12.323333333333332
Luxembourg,2015,637.3820468159225,11.200000000000001
Macau,1994,887.0730702238839,14.311666666666667
Maldives,2000,3440.2922808955354,0.0
Maldives,2001,2583.2192106716516,9.2075
Maldives,2002,2583.2192106716516,0.82
Maldives,2003,2870.9102340796126,1.2933333333333332
Maldives,2004,3154.601257487574,0.3116666666666667
Maldives,2005,3154.601257487574,0.22916666666666666
Maldives,2007,2298.52818726369,1.1966666666666665
Maldives,2008,3440.2922808955354,0.0
Maldives,2010,3154.601257487574,0.16583333333333333
Maldives,2011,2868.9102340796126,0.44916666666666666
Malta,1985,2868.9102340796126,0.73
Malta,1986,3154.601257487574,0.30083333333333334
Malta,1987,3154.601257487574,1.5725
Malta,1988,2302.52818726369,2.3841666666666668
Malta,1989,1456.4551170398063,7.496666666666667
Malta,1990,2301.52818726369,1.9791666666666667
Malta,1991,2303.52818726369,2.5283333333333333
Malta,1992,1451.4551170398063,7.261666666666667
Malta,1993,1449.4551170398063,3.9616666666666664
Malta,1994,1735.1461404477677,5.390833333333333
Malta,1995,1450.4551170398063,3.9183333333333334
Malta,1996,1730.1461404477677,3.9525
Malta,1997,1448.4551170398063,5.890000000000001
Malta,1998,2305.52818726369,2.5524999999999998
Malta,1999,887.0730702238839,7.646666666666667
Malta,2000,1169.764093631845,6.504166666666666
Malta,2001,890.0730702238839,7.107499999999999
Malta,2002,1452.4551170398063,4.6066666666666665
Malta,2003,1166.764093631845,6.245
Malta,2004,1170.764093631845,7.151666666666667
Malta,2005,1739.1461404477677,5.661666666666666
Malta,2006,1459.4551170398063,7.267500000000001
Malta,2007,1746.1461404477677,6.153333333333333
Malta,2008,1734.1461404477677,3.223333333333333
Malta,2009,1469.4551170398063,8.926666666666668
Malta,2010,1751.1461404477677,6.8425
Malta,2011,2313.52818726369,3.9583333333333335
Malta,2012,1458.4551170398063,4.989166666666667
Malta,2013,1455.4551170398063,4.7683333333333335
Malta,2014,605.3820468159225,8.506666666666666
Malta,2015,1180.764093631845,6.5225
Mauritius,1985,677.3820468159225,11.9275
Mauritius,1986,1748.1461404477677,2.5058333333333334
Mauritius,1987,713.3820468159225,14.328333333333333
Mauritius,1988,453.69102340796127,20.50916666666667
Mauritius,1989,430.69102340796127,17.636666666666667
Mauritius,1990,720.3820468159225,13.598333333333334
Mauritius,1991,710.3820468159225,16.399166666666666
Mauritius,1992,146.0,16.5825
Mauritius,1993,424.69102340796127,14.582500000000001
Mauritius,1994,702.3820468159225,12.887500000000001
Mauritius,1995,147.0,15.220833333333333
Mauritius,1996,726.3820468159225,13.845
Mauritius,1997,408.69102340796127,11.964166666666666
Mauritius,1998,728.3820468159225,12.8975
Mauritius,1999,747.3820468159225,15.503333333333332
Mauritius,2000,997.0730702238839,11.735
Mauritius,2001,113.0,10.153333333333332
Mauritius,2002,991.0730702238839,10.991666666666667
Mauritius,2003,661.3820468159225,7.835
Mauritius,2004,957.0730702238839,8.415833333333333
Mauritius,2005,388.69102340796127,8.5425
Mauritius,2006,404.69102340796127,13.64
Mauritius,2007,700.3820468159225,11.7875
Mauritius,2008,944.0730702238839,6.510833333333333
Mauritius,2009,115.0,8.839166666666666
Mauritius,2010,958.0730702238839,9.319166666666666
Mauritius,2011,691.3820468159225,10.003333333333334
Mauritius,2012,115.0,9.520833333333334
Mauritius,2013,671.3820468159225,8.139166666666666
Mauritius,2014,406.69102340796127,9.620833333333334
Mauritius,2015,964.0730702238839,8.330833333333333
Mauritius,2016,384.69102340796127,9.93
Mexico,1985,1544.0,3.1808333333333336
Mexico,1986,1714.0,3.811666666666667
Mexico,1987,1701.0,3.4525
Mexico,1988,1703.0,3.518333333333333
Mexico,1989,1865.0,4.0216666666666665
Mexico,1990,1926.0,4.070833333333334
Mexico,1991,2103.0,3.9741666666666666
Mexico,1992,2237.0,4.339166666666666
Mexico,1993,2342.0,4.333333333333333
Mexico,1994,2588.0,4.66
Mexico,1995,2877.0,4.924166666666667
Mexico,1996,3008.0,4.694166666666667
Mexico,1997,3350.0,4.755833333333333
Mexico,1998,3312.0,4.736666666666667
Mexico,1999,3327.0,4.574166666666667
Mexico,2000,3456.0,4.574166666666667
Mexico,2001,3760.0,5.2749999999999995
Mexico,2002,3826.0,4.863333333333333
Mexico,2003,4070.0,5.25
Mexico,2004,4056.0,5.0625
Mexico,2005,4274.0,5.185
Mexico,2006,4230.0,4.935
Mexico,2007,4285.0,4.8341666666666665
Mexico,2008,4642.0,5.069166666666667
Mexico,2009,5023.0,5.345
Mexico,2010,4858.0,5.0841666666666665
Mexico,2011,5558.0,5.46
Mexico,2012,5381.0,5.285833333333334
Mexico,2013,5711.0,5.415833333333333
Mexico,2014,6178.0,5.698333333333333
Mexico,2015,6234.0,5.547499999999999
Mongolia,2016,423.0,18.439
Montenegro,2000,3440.2922808955354,0.0
Montenegro,2001,3440.2922808955354,0.0
Montenegro,2002,3440.2922808955354,0.0
Montenegro,2003,3440.2922808955354,0.0
Montenegro,2004,3440.2922808955354,0.0
Montenegro,2005,691.3820468159225,22.873333333333335
Montenegro,2006,3440.2922808955354,0.0
Montenegro,2007,694.3820468159225,27.96083333333333
Montenegro,2008,412.69102340796127,25.674166666666668
Montenegro,2009,393.69102340796127,22.99416666666667
Netherlands,1985,1638.0,13.324166666666668
Netherlands,1986,1604.0,13.19
Netherlands,1987,1616.0,13.097500000000002
Netherlands,1988,1523.0,12.299999999999999
Netherlands,1989,1520.0,11.334166666666667
Netherlands,1990,1450.0,11.347499999999998
Netherlands,1991,1897.6910234079612,12.540833333333333
Netherlands,1992,1587.0,11.957500000000001
Netherlands,1993,1555.0,11.331666666666665
Netherlands,1994,1584.0,11.413333333333334
Netherlands,1995,1511.0,10.418333333333333
Netherlands,1996,1577.0,11.255833333333333
Netherlands,1997,1858.6910234079612,11.380833333333333
Netherlands,1998,1519.0,10.708333333333334
Netherlands,1999,1519.0,10.263333333333334
Netherlands,2000,1787.6910234079612,9.915833333333333
Netherlands,2001,1474.0,9.691666666666666
Netherlands,2002,1570.0,9.977500000000001
Netherlands,2003,1502.0,9.444166666666666
Netherlands,2004,1514.0,9.263333333333334
Netherlands,2005,1574.0,9.44
Netherlands,2006,1525.0,9.4325
Netherlands,2007,1354.0,8.12
Netherlands,2008,1725.6910234079612,8.5075
Netherlands,2009,1530.0,9.025
Netherlands,2010,1604.0,9.124166666666667
Netherlands,2011,1650.0,9.423333333333334
Netherlands,2012,1756.0,9.875833333333334
Netherlands,2013,1856.0,10.460833333333333
Netherlands,2014,1839.0,10.118333333333334
Netherlands,2015,1873.0,10.5775
Netherlands,2016,1886.0,12.739
New Zealand,1985,338.0,12.803333333333333
New Zealand,1986,414.0,14.889166666666666
New Zealand,1987,463.0,17.543333333333333
New Zealand,1988,770.6910234079612,17.085833333333333
New Zealand,1989,751.6910234079612,15.885
New Zealand,1990,741.6910234079612,15.5475
New Zealand,1991,760.6910234079612,14.623333333333333
New Zealand,1992,493.0,15.299166666666666
New Zealand,1993,443.0,13.665
New Zealand,1994,512.0,16.5525
New Zealand,1995,545.0,16.618333333333336
New Zealand,1996,540.0,16.260833333333334
New Zealand,1997,562.0,16.523333333333333
New Zealand,1998,574.0,16.75583333333333
New Zealand,1999,516.0,14.733333333333334
New Zealand,2000,458.0,13.128333333333332
New Zealand,2001,508.0,14.991666666666667
New Zealand,2002,1040.3820468159224,12.669166666666667
New Zealand,2003,519.0,14.362499999999999
New Zealand,2004,495.0,13.6175
New Zealand,2005,800.6910234079612,13.160833333333334
New Zealand,2006,527.0,13.061666666666667
New Zealand,2007,494.0,12.349166666666667
New Zealand,2008,520.0,12.648333333333333
New Zealand,2009,512.0,12.75
New Zealand,2010,536.0,12.718333333333334
New Zealand,2011,493.0,11.901666666666666
New Zealand,2012,549.0,13.169166666666667
New Zealand,2013,799.6910234079612,12.045833333333334
Nicaragua,2010,637.6910234079612,7.395
Nicaragua,2011,655.6910234079612,7.4624999999999995
Nicaragua,2012,316.0,6.024166666666667
Nicaragua,2013,637.6910234079612,6.7475
Nicaragua,2014,311.0,5.95
Nicaragua,2015,601.6910234079612,5.822500000000001
Norway,1986,865.6910234079612,13.635
Norway,1987,649.0,15.963333333333333
Norway,1988,708.0,17.375
Norway,1989,660.0,16.490833333333335
Norway,1990,945.6910234079612,15.9425
Norway,1991,675.0,16.235
Norway,1992,616.0,15.136666666666668
Norway,1993,590.0,14.8375
Norway,1994,531.0,12.544166666666667
Norway,1995,548.0,13.029166666666667
Norway,1996,517.0,12.8275
Norway,1997,819.6910234079612,13.217500000000001
Norway,1998,834.6910234079612,12.805
Norway,1999,583.0,13.610833333333334
Norway,2000,827.6910234079612,12.527499999999998
Norway,2001,1122.3820468159224,12.8575
Norway,2002,780.6910234079612,11.75
Norway,2003,502.0,11.506666666666666
Norway,2004,815.6910234079612,11.780833333333334
Norway,2005,533.0,11.840833333333334
Norway,2006,818.6910234079612,11.889166666666666
Norway,2007,771.6910234079612,10.647499999999999
Norway,2008,791.6910234079612,11.0025
Norway,2009,573.0,12.145000000000001
Norway,2010,834.6910234079612,11.369166666666667
Norway,2011,598.0,12.207500000000001
Norway,2012,515.0,10.5
Norway,2013,840.6910234079612,10.584166666666667
Norway,2014,548.0,10.6025
Norway,2015,590.0,11.369166666666667
Oman,2009,2306.52818726369,1.7658333333333334
Oman,2010,2306.52818726369,0.3166666666666667
Oman,2014,2587.2192106716516,0.12583333333333332
Panama,1985,629.3820468159225,4.255
Panama,1986,368.69102340796127,5.075833333333333
Panama,1987,371.69102340796127,5.588333333333334
Panama,1988,87.0,5.015833333333333
Panama,1989,643.3820468159225,4.6075
Panama,1996,399.69102340796127,5.531666666666666
Panama,1997,431.69102340796127,6.9325
Panama,1998,721.3820468159225,6.390833333333333
Panama,1999,143.0,6.469166666666666
Panama,2000,716.3820468159225,7.131666666666667
Panama,2001,448.69102340796127,7.230833333333333
Panama,2002,160.0,6.578333333333333
Panama,2003,768.3820468159225,8.103333333333333
Panama,2004,759.3820468159225,6.8133333333333335
Panama,2005,458.69102340796127,6.484166666666667
Panama,2006,471.69102340796127,7.635833333333333
Panama,2007,744.3820468159225,5.991666666666667
Panama,2008,186.0,6.108333333333333
Panama,2009,463.69102340796127,5.690833333333334
Panama,2010,1297.764093631845,5.333333333333333
Panama,2011,717.3820468159225,5.2275
Panama,2012,708.3820468159225,4.626666666666667
Panama,2013,416.69102340796127,4.109166666666667
Panama,2014,147.0,4.665
Panama,2015,683.3820468159225,3.7416666666666667
Paraguay,1985,349.69102340796127,3.285
Paraguay,1986,916.0730702238839,2.23
Paraguay,1987,348.69102340796127,3.0500000000000003
Paraguay,1989,927.0730702238839,2.9441666666666664
Paraguay,1990,385.69102340796127,3.750833333333333
Paraguay,1991,361.69102340796127,2.2616666666666667
Paraguay,1994,108.0,3.705
Paraguay,1995,404.69102340796127,3.3608333333333333
Paraguay,1996,672.3820468159225,2.7883333333333336
Paraguay,1997,412.69102340796127,2.965
Paraguay,1998,424.69102340796127,4.045833333333333
Paraguay,1999,447.69102340796127,3.7016666666666667
Paraguay,2000,154.0,3.565
Paraguay,2001,152.0,4.71
Paraguay,2002,463.69102340796127,3.6208333333333336
Paraguay,2003,460.69102340796127,4.279166666666667
Paraguay,2004,234.0,5.453333333333333
Paraguay,2005,525.6910234079612,5.234166666666667
Paraguay,2006,537.6910234079612,5.464166666666667
Paraguay,2007,513.6910234079612,5.2091666666666665
Paraguay,2008,222.0,4.86
Paraguay,2009,569.6910234079612,5.610833333333333
Paraguay,2010,223.0,4.546666666666667
Paraguay,2011,584.6910234079612,5.6525
Paraguay,2012,275.0,5.2749999999999995
Paraguay,2013,323.0,6.2825
Paraguay,2014,665.6910234079612,6.0125
Philippines,1992,920.3820468159225,0.8175
Philippines,1993,1419.3820468159224,1.8308333333333333
Philippines,1997,814.0,1.6866666666666665
Philippines,1998,883.0,1.8375000000000001
Philippines,1999,1043.0,2.0733333333333333
Philippines,2000,1403.0,2.6841666666666666
Philippines,2001,1204.0,2.2566666666666664
Philippines,2002,1301.0,2.3783333333333334
Philippines,2003,1544.0,2.7841666666666662
Philippines,2006,1788.0,3.0549999999999997
Philippines,2007,1698.0,2.430833333333333
Philippines,2008,1820.0,2.7541666666666664
Philippines,2009,2074.0,2.9075
Philippines,2010,2116.0,3.08
Philippines,2011,2449.0,3.7425
Poland,1990,4970.0,14.386666666666668
Poland,1991,5316.0,15.0225
Poland,1992,5713.0,16.2025
Poland,1993,5624.0,15.654166666666667
Poland,1994,5519.0,15.496666666666668
Poland,1995,5499.0,15.141666666666666
Poland,1996,5446.0,14.850833333333334
Poland,1999,5779.0,15.345833333333333
Poland,2000,5841.0,15.917500000000002
Poland,2001,5855.0,15.054166666666667
Poland,2002,5925.0,15.2725
Poland,2003,5836.0,15.012500000000001
Poland,2004,6072.0,15.645000000000001
Poland,2005,6045.0,15.503333333333332
Poland,2006,5805.0,15.237499999999999
Poland,2007,5284.0,13.8725
Poland,2008,5682.0,14.781666666666666
Poland,2009,6477.0,16.425
Poland,2010,6357.0,15.886666666666665
Poland,2011,6113.0,15.321666666666667
Poland,2012,6368.0,16.030833333333334
Poland,2013,6218.0,15.6325
Poland,2014,5934.0,14.858333333333334
Poland,2015,5420.0,13.915833333333333
Portugal,1985,983.0,13.735
Portugal,1986,941.0,13.794166666666667
Portugal,1987,960.0,14.277499999999998
Portugal,1988,819.0,11.479166666666666
Portugal,1989,747.0,10.86
Portugal,1990,1156.6910234079612,12.5175
Portugal,1991,942.0,13.763333333333334
Portugal,1992,1152.6910234079612,12.358333333333333
Portugal,1993,780.0,10.485833333333334
Portugal,1994,1048.6910234079612,10.318333333333333
Portugal,1995,809.0,10.744166666666667
Portugal,1996,939.6910234079612,9.6475
Portugal,1997,628.0,8.514999999999999
Portugal,1998,842.6910234079612,7.255
Portugal,1999,545.0,7.454999999999999
Portugal,2000,1097.3820468159224,7.156666666666666
Portugal,2001,761.0,9.644166666666667
Portugal,2002,1210.0,14.319166666666666
Portugal,2003,1729.3820468159224,13.871666666666668
Portugal,2007,1306.6910234079612,11.9625
Portugal,2008,1324.6910234079612,11.751666666666667
Portugal,2009,1311.6910234079612,11.641666666666666
Portugal,2010,1099.0,12.403333333333334
Portugal,2011,1303.6910234079612,10.655
Portugal,2012,1362.6910234079612,11.616666666666667
Portugal,2013,1625.3820468159224,11.060833333333333
Portugal,2014,1508.6910234079612,12.824166666666668
Puerto Rico,1985,269.0,12.884166666666667
Puerto Rico,1986,596.6910234079612,14.852500000000001
Puerto Rico,1987,558.6910234079612,11.979999999999999
Puerto Rico,1988,600.6910234079612,13.474166666666667
Puerto Rico,1989,327.0,14.128333333333332
Puerto Rico,1990,657.6910234079612,15.131666666666668
Puerto Rico,1991,641.6910234079612,15.400833333333333
Puerto Rico,1992,887.3820468159225,11.275833333333333
Puerto Rico,1993,918.3820468159225,12.604166666666666
Puerto Rico,1994,641.6910234079612,12.273333333333333
Puerto Rico,1995,862.3820468159225,10.0725
Puerto Rico,1996,617.6910234079612,11.650833333333333
Puerto Rico,1997,846.3820468159225,8.271666666666667
Puerto Rico,1998,607.6910234079612,10.9225
Puerto Rico,1999,289.0,9.775833333333333
Puerto Rico,2000,878.3820468159225,9.021666666666667
Puerto Rico,2001,575.6910234079612,8.9075
Puerto Rico,2002,525.6910234079612,7.6325
Puerto Rico,2003,835.3820468159225,8.0825
Puerto Rico,2004,279.0,9.079166666666667
Puerto Rico,2005,575.6910234079612,8.759166666666667
Puerto Rico,2006,838.3820468159225,7.941666666666666
Puerto Rico,2007,557.6910234079612,7.756666666666667
Puerto Rico,2008,586.6910234079612,8.923333333333334
Puerto Rico,2009,903.3820468159225,10.408333333333333
Puerto Rico,2010,859.3820468159225,8.653333333333334
Puerto Rico,2011,258.0,7.545833333333333
Puerto Rico,2012,534.6910234079612,7.258333333333334
Puerto Rico,2013,527.6910234079612,7.549166666666667
Puerto Rico,2014,506.69102340796127,6.424166666666667
Puerto Rico,2015,512.6910234079612,7.131666666666667
Qatar,1995,3440.2922808955354,0.0
Qatar,2001,2029.837163855729,2.275
Qatar,2004,2314.52818726369,1.2708333333333333
Qatar,2005,2023.837163855729,1.5666666666666667
Qatar,2006,1175.764093631845,7.275000000000001
Qatar,2007,1187.764093631845,2.3841666666666668
Qatar,2008,2039.837163855729,1.1291666666666667
Qatar,2009,1764.1461404477677,1.6583333333333334
Qatar,2010,2340.52818726369,1.0691666666666666
Qatar,2011,1483.4551170398063,1.5708333333333335
Qatar,2012,1763.1461404477677,1.1058333333333332
Qatar,2013,2330.52818726369,0.6858333333333334
Qatar,2014,1488.4551170398063,1.5824999999999998
Qatar,2015,1499.4551170398063,1.57
Qatar,2016,1214.764093631845,1.643
Republic of Korea,1985,3689.0,12.220833333333333
Republic of Korea,1986,3458.0,11.9425
Republic of Korea,1987,3301.0,10.686666666666667
Republic of Korea,1988,2949.0,9.548333333333334
Republic of Korea,1989,3023.0,10.116666666666667
Republic of Korea,1990,3159.0,10.044166666666667
Republic of Korea,1991,3069.0,9.681666666666667
Republic of Korea,1992,3533.0,10.615833333333333
Republic of Korea,1993,4124.0,13.29
Republic of Korea,1994,4212.0,13.783333333333333
Republic of Korea,1995,4841.0,14.94
Republic of Korea,1996,5857.0,18.0825
Republic of Korea,1997,6024.0,18.900000000000002
Republic of Korea,1998,8569.0,25.19333333333333
Republic of Korea,1999,7075.0,21.459999999999997
Republic of Korea,2000,6444.0,20.715833333333332
Republic of Korea,2001,6911.0,22.795
Republic of Korea,2002,8611.0,30.08666666666667
Republic of Korea,2003,10898.0,37.843333333333334
Republic of Korea,2004,11492.0,39.141666666666666
Republic of Korea,2005,12011.0,39.92
Republic of Korea,2006,10653.0,35.038333333333334
Republic of Korea,2007,12174.0,38.87833333333334
Republic of Korea,2008,12858.0,37.69
Republic of Korea,2009,15402.0,43.29333333333333
Republic of Korea,2010,15558.0,43.18333333333334
Republic of Korea,2011,15906.0,42.92083333333333
Republic of Korea,2012,14159.0,36.93833333333333
Republic of Korea,2013,14426.0,35.714166666666664
Republic of Korea,2014,13834.0,32.11083333333333
Republic of Korea,2015,13510.0,32.428333333333335
Romania,1989,2529.0,13.1475
Romania,1990,2079.0,10.493333333333334
Romania,1991,2161.0,11.115
Romania,1992,2650.0,13.681666666666667
Romania,1993,2774.0,13.505833333333333
Romania,1994,2887.0,14.398333333333333
Romania,1995,2793.0,13.015
Romania,1996,2828.0,13.331666666666669
Romania,1997,2859.0,13.466666666666667
Romania,1998,3124.6910234079614,13.440833333333332
Romania,1999,2736.0,13.189166666666667
Romania,2000,2836.0,13.265833333333333
Romania,2001,2720.0,12.425833333333332
Romania,2002,3067.0,14.466666666666667
Romania,2003,2894.0,13.309166666666668
Romania,2004,2720.0,12.599166666666667
Romania,2005,2603.0,12.167499999999999
Romania,2006,2721.0,12.424166666666666
Romania,2007,2430.0,11.338333333333333
Romania,2008,2472.0,11.700000000000001
Romania,2009,2586.0,12.001666666666667
Romania,2010,2766.0,12.503333333333332
Romania,2011,2536.0,11.565
Romania,2012,2495.0,11.835833333333333
Romania,2013,2407.0,11.499166666666667
Romania,2014,2209.0,10.919166666666667
Romania,2015,2228.0,11.129166666666665
Romania,2016,1953.0,11.633
Russian Federation,1989,37921.0,33.235
Russian Federation,1990,39028.0,33.26416666666667
Russian Federation,1991,39281.0,33.03333333333333
Russian Federation,1992,45923.0,36.45666666666667
Russian Federation,1993,55846.0,43.505
Russian Federation,1994,61420.0,47.303333333333335
Russian Federation,1995,60548.0,45.615
Russian Federation,1996,57511.0,43.85666666666666
Russian Federation,1997,54746.0,42.34083333333333
Russian Federation,1998,51518.0,39.56166666666667
Russian Federation,1999,56974.0,42.51083333333333
Russian Federation,2000,56619.0,42.03916666666667
Russian Federation,2001,56958.0,42.05416666666667
Russian Federation,2002,55024.0,40.7125
Russian Federation,2003,51445.0,39.07583333333333
Russian Federation,2004,49096.0,37.30083333333334
Russian Federation,2005,45802.0,35.028333333333336
Russian Federation,2006,42614.0,33.4425
Russian Federation,2007,41149.0,32.24916666666667
Russian Federation,2008,38211.0,30.566666666666666
Russian Federation,2009,37408.0,29.400000000000002
Russian Federation,2010,33356.0,26.600833333333338
Russian Federation,2011,31038.0,24.973333333333333
Russian Federation,2012,29643.0,23.7925
Russian Federation,2013,28690.0,22.830833333333334
Russian Federation,2014,26541.0,21.601666666666663
Russian Federation,2015,25432.0,19.743333333333332
Saint Kitts and Nevis,1990,3440.2922808955354,0.0
Saint Kitts and Nevis,1991,3440.2922808955354,0.0
Saint Kitts and Nevis,1992,3440.2922808955354,0.0
Saint Lucia,1986,2871.9102340796126,4.995833333333334
Saint Lucia,1987,2017.837163855729,11.784999999999998
Saint Lucia,1988,1443.4551170398063,15.184166666666668
Saint Lucia,1989,1441.4551170398063,7.409166666666667
Saint Lucia,1990,2583.2192106716516,2.243333333333333
Saint Lucia,1991,2299.52818726369,8.674166666666666
Saint Lucia,1992,2591.2192106716516,8.175833333333333
Saint Lucia,1993,2588.2192106716516,6.273333333333333
Saint Lucia,1994,2586.2192106716516,3.8166666666666664
Saint Lucia,1995,2303.52818726369,6.809166666666666
Saint Lucia,1996,2300.52818726369,5.085833333333333
Saint Lucia,1997,2015.837163855729,9.795
Saint Lucia,1998,2014.837163855729,9.919166666666667
Saint Lucia,1999,2014.837163855729,6.245
Saint Lucia,2000,1160.764093631845,16.488333333333333
Saint Lucia,2001,2300.52818726369,4.923333333333333
Saint Lucia,2002,872.0730702238839,15.626666666666665
Saint Lucia,2003,1156.764093631845,11.104999999999999
Saint Lucia,2004,2588.2192106716516,5.514166666666667
Saint Lucia,2005,2584.2192106716516,2.0683333333333334
Saint Lucia,2006,2868.9102340796126,1.4858333333333331
Saint Lucia,2008,3440.2922808955354,0.0
Saint Lucia,2009,2306.52818726369,6.859999999999999
Saint Lucia,2010,2584.2192106716516,2.5258333333333334
Saint Lucia,2011,2588.2192106716516,4.443333333333333
Saint Lucia,2012,1443.4551170398063,7.085833333333333
Saint Lucia,2013,1447.4551170398063,9.508333333333333
Saint Lucia,2014,1734.1461404477677,7.63
Saint Vincent and Grenadines,1985,3155.601257487574,2.7325
Saint Vincent and Grenadines,1986,3440.2922808955354,0.0
Saint Vincent and Grenadines,1987,3440.2922808955354,0.0
Saint Vincent and Grenadines,1990,2585.2192106716516,6.005
Saint Vincent and Grenadines,1995,2300.52818726369,7.1175
Saint Vincent and Grenadines,1996,2301.52818726369,7.088333333333334
Saint Vincent and Grenadines,1997,2583.2192106716516,2.5016666666666665
Saint Vincent and Grenadines,1998,2303.52818726369,16.201666666666668
Saint Vincent and Grenadines,1999,2586.2192106716516,5.483333333333333
Saint Vincent and Grenadines,2000,2871.9102340796126,3.6758333333333333
Saint Vincent and Grenadines,2001,2014.837163855729,13.388333333333334
Saint Vincent and Grenadines,2002,2013.837163855729,16.910833333333333
Saint Vincent and Grenadines,2003,2584.2192106716516,4.2425
Saint Vincent and Grenadines,2004,2584.2192106716516,3.8716666666666666
Saint Vincent and Grenadines,2005,2301.52818726369,6.009166666666666
Saint Vincent and Grenadines,2006,2012.837163855729,10.1725
Saint Vincent and Grenadines,2007,2591.2192106716516,8.5325
Saint Vincent and Grenadines,2008,2584.2192106716516,3.3575
Saint Vincent and Grenadines,2009,3154.601257487574,0.9316666666666666
Saint Vincent and Grenadines,2010,2871.9102340796126,4.569166666666667
Saint Vincent and Grenadines,2011,2585.2192106716516,3.9150000000000005
Saint Vincent and Grenadines,2012,1730.1461404477677,8.1075
Saint Vincent and Grenadines,2013,3440.2922808955354,0.0
Saint Vincent and Grenadines,2014,2868.9102340796126,6.7316666666666665
Saint Vincent and Grenadines,2015,2583.2192106716516,2.34
San Marino,1999,2868.9102340796126,5.362500000000001
San Marino,2000,3154.601257487574,3.938333333333333
San Marino,2005,3154.601257487574,2.8341666666666665
Serbia,1998,1460.0,25.587500000000002
Serbia,1999,1571.0,28.727500000000003
Serbia,2000,1543.0,27.013333333333335
Serbia,2001,1728.6910234079612,24.75
Serbia,2002,1732.6910234079612,24.659166666666668
Serbia,2003,1951.3820468159224,22.605833333333333
Serbia,2004,1631.6910234079612,21.875833333333333
Serbia,2005,1723.6910234079612,23.86
Serbia,2006,1729.6910234079612,23.839166666666667
Serbia,2007,1926.3820468159224,21.537499999999998
Serbia,2008,1862.3820468159224,20.2175
Serbia,2009,1659.6910234079612,21.535833333333333
Serbia,2010,1780.3820468159224,19.54
Serbia,2011,1256.0,20.287499999999998
Serbia,2012,1529.6910234079612,19.544166666666666
Serbia,2013,1483.6910234079612,18.144166666666667
Serbia,2014,1707.3820468159224,18.065
Serbia,2015,1062.0,17.164166666666667
Seychelles,1985,2301.52818726369,13.015
Seychelles,1986,3154.601257487574,1.9383333333333335
Seychelles,1987,2869.9102340796126,5.06
Seychelles,2001,2299.52818726369,7.297499999999999
Seychelles,2002,2298.52818726369,12.843333333333334
Seychelles,2003,2014.837163855729,8.333333333333334
Seychelles,2004,2586.2192106716516,5.2725
Seychelles,2005,2298.52818726369,5.958333333333333
Seychelles,2006,2301.52818726369,22.979166666666668
Seychelles,2007,2299.52818726369,12.303333333333335
Seychelles,2008,2584.2192106716516,3.2558333333333334
Seychelles,2009,2870.9102340796126,3.6508333333333334
Seychelles,2010,2872.9102340796126,4.3325
Seychelles,2011,2585.2192106716516,4.278333333333333
Seychelles,2012,2869.9102340796126,2.7916666666666665
Seychelles,2013,2302.52818726369,10.950000000000001
Seychelles,2014,2297.52818726369,3.6108333333333333
Seychelles,2015,2013.837163855729,6.770833333333333
Singapore,1985,610.6910234079612,29.44666666666667
Singapore,1986,612.6910234079612,27.050833333333333
Singapore,1987,874.3820468159225,22.796666666666667
Singapore,1988,366.0,30.015833333333333
Singapore,1989,680.6910234079612,29.50916666666667
Singapore,1990,354.0,22.66916666666667
Singapore,1991,582.6910234079612,19.115
Singapore,1992,277.0,17.118333333333332
Singapore,1993,556.6910234079612,19.595000000000002
Singapore,1994,316.0,20.570833333333333
Singapore,1995,650.6910234079612,23.563333333333333
Singapore,1996,239.0,17.411666666666665
Singapore,1997,303.0,17.220833333333335
Singapore,1998,614.6910234079612,17.94666666666667
Singapore,1999,277.0,13.870833333333332
Singapore,2000,309.0,13.695
Singapore,2001,305.0,13.983333333333334
Singapore,2002,894.3820468159225,14.365833333333333
Singapore,2003,320.0,14.395000000000001
Singapore,2004,335.0,13.956666666666665
Singapore,2005,645.6910234079612,15.027500000000002
Singapore,2006,372.0,12.395833333333334
Singapore,2007,901.3820468159225,13.813333333333333
Singapore,2008,605.6910234079612,12.520833333333334
Singapore,2009,349.0,12.465000000000002
Singapore,2010,582.6910234079612,10.769166666666665
Singapore,2011,881.3820468159225,9.746666666666668
Singapore,2012,392.0,11.801666666666668
Singapore,2013,930.3820468159225,11.489166666666668
Singapore,2014,355.0,10.981666666666667
Singapore,2015,329.0,9.1075
Slovakia,1992,796.0,17.8525
Slovakia,1993,1024.6910234079612,16.278333333333332
Slovakia,1994,691.0,15.420000000000002
Slovakia,1995,735.0,16.558333333333334
Slovakia,1996,672.0,14.541666666666666
Slovakia,1997,916.6910234079612,13.674999999999999
Slovakia,1998,959.6910234079612,13.486666666666666
Slovakia,1999,978.6910234079612,14.340000000000002
Slovakia,2000,729.0,15.006666666666666
Slovakia,2001,978.6910234079612,14.323333333333332
Slovakia,2002,1003.6910234079612,15.980833333333335
Slovakia,2003,1039.6910234079612,14.096666666666666
Slovakia,2004,962.6910234079612,12.575000000000001
Slovakia,2005,965.6910234079612,13.780833333333334
Slovakia,2006,3440.2922808955354,0.0
Slovakia,2007,3440.2922808955354,0.0
Slovakia,2008,877.6910234079612,11.183333333333332
Slovakia,2009,1174.3820468159224,11.590000000000002
Slovakia,2010,631.0,11.973333333333334
Slovakia,2012,857.6910234079612,10.79
Slovakia,2013,902.6910234079612,11.9925
Slovakia,2014,1127.3820468159224,11.068333333333333
Slovenia,1995,564.0,32.8225
Slovenia,1996,607.0,35.0925
Slovenia,1997,593.0,34.175000000000004
Slovenia,1998,612.0,34.46666666666667
Slovenia,1999,876.6910234079612,32.78
Slovenia,2000,874.6910234079612,33.67666666666667
Slovenia,2001,867.6910234079612,35.28333333333333
Slovenia,2002,826.6910234079612,29.525000000000002
Slovenia,2003,848.6910234079612,31.38
Slovenia,2004,512.0,24.873333333333335
Slovenia,2005,789.6910234079612,28.117499999999996
Slovenia,2006,1102.3820468159224,28.989166666666666
Slovenia,2007,1007.3820468159225,24.287499999999998
Slovenia,2008,981.3820468159225,21.924166666666665
Slovenia,2009,1020.3820468159225,22.3925
Slovenia,2010,700.6910234079612,22.132500000000004
Slovenia,2011,1008.3820468159225,23.471666666666668
Slovenia,2012,726.6910234079612,23.311666666666667
Slovenia,2013,732.6910234079612,23.584999999999997
Slovenia,2014,674.6910234079612,20.030833333333334
Slovenia,2015,708.6910234079612,22.0675
South Africa,1996,429.69102340796127,0.6691666666666666
South Africa,1997,677.3820468159225,0.41250000000000003
South Africa,1998,180.0,0.6416666666666667
South Africa,1999,279.0,0.9058333333333333
South Africa,2000,267.0,0.7949999999999999
South Africa,2001,670.6910234079612,1.0358333333333334
South Africa,2002,236.0,0.5816666666666667
South Africa,2003,256.0,0.77
South Africa,2004,383.0,1.0525
South Africa,2005,458.0,1.2741666666666667
South Africa,2006,514.0,1.4933333333333334
South Africa,2007,417.0,1.01
South Africa,2008,441.0,1.1783333333333335
South Africa,2009,372.0,0.8925000000000001
South Africa,2010,393.0,1.0908333333333333
South Africa,2011,358.0,0.7758333333333334
South Africa,2012,487.0,1.1300000000000001
South Africa,2013,587.0,1.2416666666666667
South Africa,2014,580.0,1.2566666666666666
South Africa,2015,482.0,1.0833333333333333
Spain,1985,2514.0,9.5775
Spain,1986,2755.0,9.985833333333334
Spain,1987,2804.0,10.178333333333333
Spain,1988,2960.0,10.606666666666667
Spain,1989,2987.0,10.540833333333333
Spain,1990,2939.0,10.770000000000001
Spain,1991,2916.0,10.153333333333332
Spain,1992,2786.0,9.9175
Spain,1993,3037.0,10.070833333333335
Spain,1994,3171.0,10.360000000000001
Spain,1995,3157.0,10.3175
Spain,1996,3320.0,10.544166666666667
Spain,1997,3373.0,10.943333333333333
Spain,1998,3261.0,10.336666666666668
Spain,1999,3506.6910234079614,9.923333333333334
Spain,2000,3394.0,10.184166666666668
Spain,2001,3189.0,9.366666666666667
Spain,2002,3372.0,9.636666666666667
Spain,2003,3478.0,9.7075
Spain,2004,3508.0,9.385833333333334
Spain,2005,3399.0,8.971666666666666
Spain,2006,3247.0,8.3225
Spain,2007,3264.0,8.245833333333334
Spain,2008,3457.0,8.209999999999999
Spain,2009,3429.0,8.168333333333333
Spain,2010,3444.6910234079614,7.286666666666666
Spain,2011,3180.0,7.3825
Spain,2012,3539.0,8.073333333333332
Spain,2013,3873.0,8.443333333333333
Spain,2014,3911.0,8.695833333333335
Spain,2015,3604.0,8.115
Sri Lanka,1985,5668.0,46.56
Sri Lanka,1986,5345.0,44.15
Sri Lanka,1996,4898.0,32.975833333333334
Sri Lanka,1997,5887.0,39.34166666666666
Sri Lanka,1998,5518.0,37.59583333333333
Sri Lanka,1999,5619.0,37.10333333333333
Sri Lanka,2000,5252.0,35.6075
Sri Lanka,2001,4590.0,29.838333333333335
Sri Lanka,2002,4382.0,28.284166666666668
Sri Lanka,2003,4467.0,29.395833333333332
Sri Lanka,2006,4015.0,27.394166666666667
Suriname,1985,366.69102340796127,39.236666666666665
Suriname,1986,615.3820468159225,17.665833333333335
Suriname,1987,625.3820468159225,20.974999999999998
Suriname,1988,909.0730702238839,17.476666666666667
Suriname,1989,626.3820468159225,17.676666666666666
Suriname,1990,1172.764093631845,17.840833333333332
Suriname,1991,343.69102340796127,17.955000000000002
Suriname,1992,908.0730702238839,11.496666666666668
Suriname,1995,628.3820468159225,15.21
Suriname,1996,881.0730702238839,7.0225
Suriname,1997,318.69102340796127,9.640833333333333
Suriname,1998,1175.764093631845,8.495833333333334
Suriname,1999,909.0730702238839,18.058333333333334
Suriname,2000,912.0730702238839,10.660833333333333
Suriname,2001,645.3820468159225,18.174166666666668
Suriname,2002,69.0,17.8525
Suriname,2003,650.3820468159225,20.5
Suriname,2004,67.0,16.841666666666665
Suriname,2005,72.0,17.5975
Suriname,2006,685.3820468159225,24.855
Suriname,2007,119.0,29.67833333333333
Suriname,2008,147.0,34.735
Suriname,2009,131.0,30.809166666666666
Suriname,2010,136.0,35.44166666666667
Suriname,2011,700.3820468159225,29.4425
Suriname,2012,706.3820468159225,37.8425
Suriname,2013,417.69102340796127,23.900000000000002
Suriname,2014,128.0,29.778333333333336
Sweden,1987,1827.6910234079612,19.2425
Sweden,1988,1590.0,19.305833333333332
Sweden,1989,1865.6910234079612,19.861666666666668
Sweden,1990,1471.0,18.504166666666666
Sweden,1991,1483.0,18.128333333333334
Sweden,1992,1641.6910234079612,16.731666666666666
Sweden,1993,1659.6910234079612,16.7475
Sweden,1994,1610.6910234079612,16.3075
Sweden,1995,1348.0,15.976666666666667
Sweden,1996,1253.0,14.853333333333333
Sweden,1997,1201.0,13.9325
Sweden,1998,1231.0,14.65
Sweden,1999,1506.6910234079612,14.386666666666665
Sweden,2000,1131.0,13.541666666666666
Sweden,2001,1197.0,13.957500000000001
Sweden,2002,1180.0,13.559166666666668
Sweden,2003,1112.0,12.784166666666666
Sweden,2004,1155.0,13.1175
Sweden,2005,1219.0,13.718333333333334
Sweden,2006,1197.0,13.396666666666667
Sweden,2007,1126.0,12.282499999999999
Sweden,2008,1456.6910234079612,12.973333333333334
Sweden,2009,1242.0,13.366666666666667
Sweden,2010,1141.0,12.211666666666666
Sweden,2011,1112.0,11.814166666666667
Sweden,2012,1154.0,12.3425
Sweden,2013,1230.0,13.183333333333335
Sweden,2014,1148.0,12.420833333333334
Sweden,2015,1182.0,12.441666666666668
Sweden,2016,1130.0,13.884
Switzerland,1995,1705.6910234079612,23.589166666666667
Switzerland,1996,1718.6910234079612,23.324166666666667
Switzerland,1997,1341.0,22.230833333333333
Switzerland,1998,1371.0,22.785
Switzerland,1999,1296.0,20.99833333333333
Switzerland,2000,1380.0,22.183333333333334
Switzerland,2001,1338.0,21.8075
Switzerland,2002,1732.6910234079612,22.808333333333334
Switzerland,2003,1269.0,20.221666666666668
Switzerland,2004,1570.6910234079612,20.18916666666667
Switzerland,2005,1585.6910234079612,20.515833333333333
Switzerland,2006,1309.0,20.135833333333334
Switzerland,2007,1360.0,21.3175
Switzerland,2008,1600.6910234079612,19.7925
Switzerland,2009,1105.0,15.010833333333332
Switzerland,2010,1292.6910234079612,13.376666666666667
Switzerland,2011,1034.0,14.018333333333333
Switzerland,2012,1324.6910234079612,13.782499999999999
Switzerland,2013,1071.0,14.188333333333333
Switzerland,2014,1032.0,13.508333333333333
Switzerland,2015,1073.0,13.721666666666666
Thailand,1985,2982.0,6.878333333333333
Thailand,1986,2798.0,5.9925
Thailand,1987,3035.0,6.818333333333334
Thailand,1990,3753.0,7.993333333333333
Thailand,1991,3559.0,7.204999999999999
Thailand,1992,3550.0,6.925
Thailand,1994,2307.0,4.689166666666667
Thailand,1995,4245.0,7.793333333333334
Thailand,1996,5016.382046815923,7.754166666666666
Thailand,1997,4723.382046815923,7.197500000000001
Thailand,1998,4963.0,8.296666666666667
Thailand,1999,5276.0,9.085833333333333
Thailand,2000,5755.382046815923,8.841666666666667
Thailand,2002,4902.0,8.593333333333334
Thailand,2003,4484.0,7.596666666666667
Thailand,2004,4296.0,7.171666666666667
Thailand,2005,3937.0,6.4991666666666665
Thailand,2006,3608.0,5.753333333333334
Thailand,2007,3754.0,6.595
Thailand,2008,3778.0,6.515000000000001
Thailand,2009,3787.0,6.546666666666667
Thailand,2010,3761.0,6.708333333333333
Thailand,2011,3873.0,6.465833333333333
Thailand,2012,3985.0,6.724166666666666
Thailand,2013,3961.0,6.63
Thailand,2014,3952.0,6.413333333333334
Thailand,2015,4205.0,6.7625
Thailand,2016,4117.0,7.731999999999999
Trinidad and Tobago,1985,1462.4551170398063,2.5141666666666667
Trinidad and Tobago,1986,390.69102340796127,10.260833333333332
Trinidad and Tobago,1987,405.69102340796127,12.961666666666666
Trinidad and Tobago,1988,450.69102340796127,19.0625
Trinidad and Tobago,1989,173.0,16.513333333333332
Trinidad and Tobago,1990,170.0,15.531666666666666
Trinidad and Tobago,1991,434.69102340796127,12.795
Trinidad and Tobago,1992,449.69102340796127,16.199166666666667
Trinidad and Tobago,1993,747.3820468159225,13.460833333333333
Trinidad and Tobago,1994,721.3820468159225,13.283333333333333
Trinidad and Tobago,1995,470.69102340796127,20.24416666666667
Trinidad and Tobago,1996,432.69102340796127,16.363333333333333
Trinidad and Tobago,1997,733.3820468159225,15.7825
Trinidad and Tobago,1998,171.0,16.336666666666666
Trinidad and Tobago,1999,712.3820468159225,12.11
Trinidad and Tobago,2000,166.0,16.526666666666667
Trinidad and Tobago,2001,465.69102340796127,17.110833333333336
Trinidad and Tobago,2002,442.69102340796127,13.250833333333333
Trinidad and Tobago,2003,430.69102340796127,13.1875
Trinidad and Tobago,2004,454.69102340796127,15.69
Trinidad and Tobago,2005,422.69102340796127,12.011666666666668
Trinidad and Tobago,2006,714.3820468159225,11.1575
Trinidad and Tobago,2007,417.69102340796127,11.965000000000002
Trinidad and Tobago,2008,485.69102340796127,14.854166666666666
Trinidad and Tobago,2009,701.3820468159225,10.02
Trinidad and Tobago,2010,446.69102340796127,12.541666666666666
Trinidad and Tobago,2011,712.3820468159225,11.5575
Turkey,2009,1050.0,1.7741666666666667
Turkey,2010,1524.0,2.6408333333333336
Turkey,2011,1148.0,1.9225
Turkey,2012,1450.0,2.3666666666666667
Turkey,2013,1810.0,2.9516666666666667
Turkey,2014,1617.0,2.5691666666666664
Turkey,2015,1532.0,2.3725
Turkmenistan,1987,272.0,14.467500000000001
Turkmenistan,1988,270.0,13.5375
Turkmenistan,1989,253.0,11.277500000000002
Turkmenistan,1990,584.6910234079612,14.334166666666667
Turkmenistan,1991,273.0,10.578333333333333
Turkmenistan,1992,271.0,9.320833333333333
Turkmenistan,1993,240.0,9.619166666666667
Turkmenistan,1994,234.0,9.743333333333334
Turkmenistan,1995,244.0,7.536666666666666
Turkmenistan,1996,283.0,8.636666666666667
Turkmenistan,1997,333.0,8.414166666666667
Turkmenistan,1998,405.0,11.375
Turkmenistan,1999,442.0,12.088333333333333
Turkmenistan,2000,669.6910234079612,9.344166666666666
Turkmenistan,2001,731.6910234079612,11.121666666666668
Turkmenistan,2002,416.0,9.619166666666667
Turkmenistan,2003,377.0,8.918333333333335
Turkmenistan,2004,392.0,9.4
Turkmenistan,2005,468.0,11.1825
Turkmenistan,2006,506.0,11.986666666666666
Turkmenistan,2007,354.0,8.0575
Turkmenistan,2008,484.0,9.798333333333334
Turkmenistan,2009,451.69102340796127,3.545
Turkmenistan,2010,464.69102340796127,3.8125
Turkmenistan,2011,416.69102340796127,2.6358333333333333
Turkmenistan,2012,711.3820468159225,2.55
Turkmenistan,2013,961.0730702238839,1.9408333333333332
Turkmenistan,2014,996.0730702238839,2.345833333333333
Turkmenistan,2015,706.3820468159225,2.3733333333333335
Ukraine,1987,10050.0,24.503333333333334
Ukraine,1988,9751.0,23.89333333333333
Ukraine,1989,10887.0,26.36
Ukraine,1990,10645.0,24.724999999999998
Ukraine,1991,10700.0,24.825833333333335
Ukraine,1992,11666.0,26.874166666666667
Ukraine,1993,12469.0,29.3425
Ukraine,1994,13826.0,32.024166666666666
Ukraine,1995,14541.0,33.05583333333333
Ukraine,1996,15160.0,33.61833333333333
Ukraine,1997,14903.0,32.972500000000004
Ukraine,1998,14789.0,32.512499999999996
Ukraine,1999,14363.0,31.338333333333335
Ukraine,2000,14467.0,31.4325
Ukraine,2001,13131.0,29.011666666666667
Ukraine,2002,12536.0,28.670833333333334
Ukraine,2003,12313.0,28.089166666666667
Ukraine,2004,11256.0,25.587500000000002
Ukraine,2005,10621.0,24.765
Ukraine,2006,10013.0,23.56583333333333
Ukraine,2007,10032.0,23.426666666666666
Ukraine,2008,9454.0,22.875
Ukraine,2009,9715.0,23.271666666666665
Ukraine,2010,9089.0,21.9225
Ukraine,2011,8973.0,22.0
Ukraine,2012,9058.0,22.372500000000002
Ukraine,2014,7968.0,20.875
Ukraine,2015,7574.0,20.393333333333334
United Arab Emirates,2005,1529.4551170398063,1.3375000000000001
United Arab Emirates,2006,1236.764093631845,1.3791666666666667
United Arab Emirates,2007,1247.764093631845,1.3325
United Arab Emirates,2008,1533.4551170398063,0.9883333333333333
United Arab Emirates,2009,1270.764093631845,0.9775
United Arab Emirates,2010,971.0730702238839,1.8925
United Kingdom,1985,5105.0,9.704166666666667
United Kingdom,1986,4839.0,9.334166666666667
United Kingdom,1987,4594.0,8.650833333333333
United Kingdom,1988,4971.0,9.545833333333333
United Kingdom,1989,4361.0,8.265833333333333
United Kingdom,1990,4929.691023407961,8.611666666666666
United Kingdom,1991,4547.0,8.233333333333333
United Kingdom,1992,4914.691023407961,8.229166666666666
United Kingdom,1993,4462.0,8.070833333333333
United Kingdom,1994,4380.0,7.896666666666667
United Kingdom,1995,4315.0,7.695
United Kingdom,1996,4451.691023407961,7.36
United Kingdom,1997,4143.0,7.398333333333333
United Kingdom,1998,4389.0,7.5633333333333335
United Kingdom,1999,4448.0,7.703333333333333
United Kingdom,2000,4290.0,7.2775
United Kingdom,2001,4128.0,7.095
United Kingdom,2002,4117.0,6.892499999999999
United Kingdom,2003,3979.0,6.679166666666667
United Kingdom,2004,4183.0,6.8933333333333335
United Kingdom,2005,4047.0,6.596666666666667
United Kingdom,2006,4122.0,6.514166666666667
United Kingdom,2007,3897.0,6.243333333333333
United Kingdom,2008,4259.0,6.725833333333333
United Kingdom,2009,4246.0,6.5
United Kingdom,2010,4188.0,6.450833333333333
United Kingdom,2011,4393.0,6.524166666666667
United Kingdom,2012,4444.0,6.6225
United Kingdom,2013,4824.0,7.076666666666667
United Kingdom,2014,4788.0,6.9941666666666675
United Kingdom,2015,4910.0,7.228333333333333
United States,1985,29446.0,15.393333333333333
United States,1986,30892.0,15.970833333333333
United States,1987,30783.0,15.971666666666666
United States,1988,30388.0,15.6425
United States,1989,30218.0,15.203333333333333
United States,1990,30895.0,15.65
United States,1991,30790.0,15.314166666666667
United States,1992,30471.0,14.814166666666667
United States,1993,31084.0,14.926666666666668
United States,1994,31123.0,14.669166666666667
United States,1995,31272.0,14.424166666666666
United States,1996,30879.0,13.870833333333332
United States,1997,30517.0,13.496666666666668
United States,1998,30558.0,13.375833333333333
United States,1999,29183.0,12.564166666666667
United States,2000,29343.0,12.215000000000002
United States,2001,30607.0,12.351666666666667
United States,2002,31645.0,12.501666666666667
United States,2003,31477.0,12.136666666666665
United States,2004,32428.0,12.241666666666667
United States,2005,32629.0,12.223333333333334
United States,2006,33292.0,12.094166666666666
United States,2007,34596.0,12.426666666666668
United States,2008,36030.0,12.770000000000001
United States,2009,36900.0,12.849166666666667
United States,2010,38362.0,13.240833333333333
United States,2011,39508.0,13.530000000000001
United States,2012,40596.0,13.761666666666665
United States,2013,41143.0,13.889166666666668
United States,2014,42769.0,14.277500000000002
United States,2015,44189.0,14.6175
Uruguay,1985,287.0,14.884166666666667
Uruguay,1986,548.6910234079612,14.3725
Uruguay,1987,258.0,13.7025
Uruguay,1988,554.6910234079612,13.705
Uruguay,1989,630.6910234079612,16.371666666666666
Uruguay,1990,315.0,15.055833333333334
Uruguay,1993,418.0,18.584999999999997
Uruguay,1994,692.6910234079612,17.833333333333332
Uruguay,1995,713.6910234079612,19.828333333333333
Uruguay,1996,393.0,15.660833333333334
Uruguay,1997,456.0,19.4925
Uruguay,1998,807.6910234079612,22.006666666666664
Uruguay,1999,450.0,20.301666666666666
Uruguay,2000,555.0,22.855833333333333
Uruguay,2001,499.0,19.676666666666666
Uruguay,2002,675.0,27.640833333333333
Uruguay,2003,535.0,21.604166666666668
Uruguay,2004,520.0,21.540833333333335
Uruguay,2005,498.0,20.109166666666667
Uruguay,2006,814.6910234079612,20.675833333333333
Uruguay,2007,862.6910234079612,22.1925
Uruguay,2008,523.0,19.544166666666666
Uruguay,2009,797.6910234079612,19.8125
Uruguay,2010,547.0,21.4525
Uruguay,2012,599.0,22.02916666666667
Uruguay,2013,546.0,20.7575
Uruguay,2014,877.6910234079612,20.72
Uruguay,2015,630.0,22.501666666666665
Uzbekistan,1990,1459.0,10.78
Uzbekistan,1991,1393.0,10.348333333333334
Uzbekistan,1992,1344.0,9.274166666666668
Uzbekistan,1993,1355.0,9.313333333333333
Uzbekistan,1994,1419.0,9.237499999999999
Uzbekistan,1995,1485.0,9.275
Uzbekistan,1996,1699.0,10.421666666666667
Uzbekistan,1997,1554.0,9.215
Uzbekistan,1998,1620.0,9.025
Uzbekistan,1999,1795.0,9.444166666666666
Uzbekistan,2000,1919.0,10.025833333333333
Uzbekistan,2001,1914.0,9.66
Uzbekistan,2002,1576.0,7.94
Uzbekistan,2003,1416.0,6.838333333333334
Uzbekistan,2004,1251.0,5.669999999999999
Uzbekistan,2005,1221.0,5.650833333333334
Uzbekistan,2009,1399.0,5.071666666666666
Uzbekistan,2010,1464.0,5.269166666666667
Uzbekistan,2011,1640.0,5.595
Uzbekistan,2012,1835.0,6.460833333333333
Uzbekistan,2013,1950.0,6.571666666666666
Uzbekistan,2014,2095.0,7.093333333333334
